State,clust_n,breaks
AZ,60,breaks1
AZ,60,breaks2
AZ,60,breaks3
AZ,60,breaks4
AZ,60,breaks5
AZ,71,breaks1
AZ,71,breaks2
AZ,71,breaks3
AZ,71,breaks4
AZ,71,breaks5
AZ,94,breaks1
AZ,94,breaks2
AZ,94,breaks3
AZ,94,breaks4
AZ,94,breaks5
AZ,245,breaks1
AZ,245,breaks2
AZ,245,breaks3
AZ,245,breaks4
AZ,245,breaks5
AZ,306,breaks1
AZ,306,breaks2
AZ,306,breaks3
AZ,306,breaks4
AZ,306,breaks5
AZ,336,breaks1
AZ,336,breaks2
AZ,336,breaks3
AZ,336,breaks4
AZ,336,breaks5
AZ,377,breaks1
AZ,377,breaks2
AZ,377,breaks3
AZ,377,breaks4
AZ,377,breaks5
AZ,391,breaks1
AZ,391,breaks2
AZ,391,breaks3
AZ,391,breaks4
AZ,391,breaks5
AZ,400,breaks1
AZ,400,breaks2
AZ,400,breaks3
AZ,400,breaks4
AZ,400,breaks5
AZ,436,breaks1
AZ,436,breaks2
AZ,436,breaks3
AZ,436,breaks4
AZ,436,breaks5
AZ,466,breaks1
AZ,466,breaks2
AZ,466,breaks3
AZ,466,breaks4
AZ,466,breaks5
BC,6,breaks1
BC,6,breaks2
BC,6,breaks3
BC,6,breaks4
BC,6,breaks5
BC,7,breaks1
BC,7,breaks2
BC,7,breaks3
BC,7,breaks4
BC,7,breaks5
BC,39,breaks1
BC,39,breaks2
BC,39,breaks3
BC,39,breaks4
BC,39,breaks5
BC,85,breaks1
BC,85,breaks2
BC,85,breaks3
BC,85,breaks4
BC,85,breaks5
BC,88,breaks1
BC,88,breaks2
BC,88,breaks3
BC,88,breaks4
BC,88,breaks5
BC,113,breaks1
BC,113,breaks2
BC,113,breaks3
BC,113,breaks4
BC,113,breaks5
BC,138,breaks1
BC,138,breaks2
BC,138,breaks3
BC,138,breaks4
BC,138,breaks5
BC,149,breaks1
BC,149,breaks2
BC,149,breaks3
BC,149,breaks4
BC,149,breaks5
BC,150,breaks1
BC,150,breaks2
BC,150,breaks3
BC,150,breaks4
BC,150,breaks5
BC,162,breaks1
BC,162,breaks2
BC,162,breaks3
BC,162,breaks4
BC,162,breaks5
BC,178,breaks1
BC,178,breaks2
BC,178,breaks3
BC,178,breaks4
BC,178,breaks5
BC,191,breaks1
BC,191,breaks2
BC,191,breaks3
BC,191,breaks4
BC,191,breaks5
BC,200,breaks1
BC,200,breaks2
BC,200,breaks3
BC,200,breaks4
BC,200,breaks5
BC,207,breaks1
BC,207,breaks2
BC,207,breaks3
BC,207,breaks4
BC,207,breaks5
BC,209,breaks1
BC,209,breaks2
BC,209,breaks3
BC,209,breaks4
BC,209,breaks5
BC,233,breaks1
BC,233,breaks2
BC,233,breaks3
BC,233,breaks4
BC,233,breaks5
BC,264,breaks1
BC,264,breaks2
BC,264,breaks3
BC,264,breaks4
BC,264,breaks5
BC,271,breaks1
BC,271,breaks2
BC,271,breaks3
BC,271,breaks4
BC,271,breaks5
BC,284,breaks1
BC,284,breaks2
BC,284,breaks3
BC,284,breaks4
BC,284,breaks5
BC,301,breaks1
BC,301,breaks2
BC,301,breaks3
BC,301,breaks4
BC,301,breaks5
BC,316,breaks1
BC,316,breaks2
BC,316,breaks3
BC,316,breaks4
BC,316,breaks5
BC,319,breaks1
BC,319,breaks2
BC,319,breaks3
BC,319,breaks4
BC,319,breaks5
BC,323,breaks1
BC,323,breaks2
BC,323,breaks3
BC,323,breaks4
BC,323,breaks5
BC,324,breaks1
BC,324,breaks2
BC,324,breaks3
BC,324,breaks4
BC,324,breaks5
BC,334,breaks1
BC,334,breaks2
BC,334,breaks3
BC,334,breaks4
BC,334,breaks5
BC,340,breaks1
BC,340,breaks2
BC,340,breaks3
BC,340,breaks4
BC,340,breaks5
BC,350,breaks1
BC,350,breaks2
BC,350,breaks3
BC,350,breaks4
BC,350,breaks5
BC,351,breaks1
BC,351,breaks2
BC,351,breaks3
BC,351,breaks4
BC,351,breaks5
BC,352,breaks1
BC,352,breaks2
BC,352,breaks3
BC,352,breaks4
BC,352,breaks5
BC,359,breaks1
BC,359,breaks2
BC,359,breaks3
BC,359,breaks4
BC,359,breaks5
BC,381,breaks1
BC,381,breaks2
BC,381,breaks3
BC,381,breaks4
BC,381,breaks5
BC,408,breaks1
BC,408,breaks2
BC,408,breaks3
BC,408,breaks4
BC,408,breaks5
BC,442,breaks1
BC,442,breaks2
BC,442,breaks3
BC,442,breaks4
BC,442,breaks5
BC,450,breaks1
BC,450,breaks2
BC,450,breaks3
BC,450,breaks4
BC,450,breaks5
BC,452,breaks1
BC,452,breaks2
BC,452,breaks3
BC,452,breaks4
BC,452,breaks5
BC,458,breaks1
BC,458,breaks2
BC,458,breaks3
BC,458,breaks4
BC,458,breaks5
BC,461,breaks1
BC,461,breaks2
BC,461,breaks3
BC,461,breaks4
BC,461,breaks5
BC,462,breaks1
BC,462,breaks2
BC,462,breaks3
BC,462,breaks4
BC,462,breaks5
BC,471,breaks1
BC,471,breaks2
BC,471,breaks3
BC,471,breaks4
BC,471,breaks5
BC,472,breaks1
BC,472,breaks2
BC,472,breaks3
BC,472,breaks4
BC,472,breaks5
CA,17,breaks1
CA,17,breaks2
CA,17,breaks3
CA,17,breaks4
CA,17,breaks5
CA,40,breaks1
CA,40,breaks2
CA,40,breaks3
CA,40,breaks4
CA,40,breaks5
CA,58,breaks1
CA,58,breaks2
CA,58,breaks3
CA,58,breaks4
CA,58,breaks5
CA,66,breaks1
CA,66,breaks2
CA,66,breaks3
CA,66,breaks4
CA,66,breaks5
CA,69,breaks1
CA,69,breaks2
CA,69,breaks3
CA,69,breaks4
CA,69,breaks5
CA,70,breaks1
CA,70,breaks2
CA,70,breaks3
CA,70,breaks4
CA,70,breaks5
CA,80,breaks1
CA,80,breaks2
CA,80,breaks3
CA,80,breaks4
CA,80,breaks5
CA,99,breaks1
CA,99,breaks2
CA,99,breaks3
CA,99,breaks4
CA,99,breaks5
CA,100,breaks1
CA,100,breaks2
CA,100,breaks3
CA,100,breaks4
CA,100,breaks5
CA,103,breaks1
CA,103,breaks2
CA,103,breaks3
CA,103,breaks4
CA,103,breaks5
CA,107,breaks1
CA,107,breaks2
CA,107,breaks3
CA,107,breaks4
CA,107,breaks5
CA,153,breaks1
CA,153,breaks2
CA,153,breaks3
CA,153,breaks4
CA,153,breaks5
CA,163,breaks1
CA,163,breaks2
CA,163,breaks3
CA,163,breaks4
CA,163,breaks5
CA,177,breaks1
CA,177,breaks2
CA,177,breaks3
CA,177,breaks4
CA,177,breaks5
CA,181,breaks1
CA,181,breaks2
CA,181,breaks3
CA,181,breaks4
CA,181,breaks5
CA,198,breaks1
CA,198,breaks2
CA,198,breaks3
CA,198,breaks4
CA,198,breaks5
CA,199,breaks1
CA,199,breaks2
CA,199,breaks3
CA,199,breaks4
CA,199,breaks5
CA,201,breaks1
CA,201,breaks2
CA,201,breaks3
CA,201,breaks4
CA,201,breaks5
CA,217,breaks1
CA,217,breaks2
CA,217,breaks3
CA,217,breaks4
CA,217,breaks5
CA,218,breaks1
CA,218,breaks2
CA,218,breaks3
CA,218,breaks4
CA,218,breaks5
CA,224,breaks1
CA,224,breaks2
CA,224,breaks3
CA,224,breaks4
CA,224,breaks5
CA,241,breaks1
CA,241,breaks2
CA,241,breaks3
CA,241,breaks4
CA,241,breaks5
CA,249,breaks1
CA,249,breaks2
CA,249,breaks3
CA,249,breaks4
CA,249,breaks5
CA,255,breaks1
CA,255,breaks2
CA,255,breaks3
CA,255,breaks4
CA,255,breaks5
CA,273,breaks1
CA,273,breaks2
CA,273,breaks3
CA,273,breaks4
CA,273,breaks5
CA,276,breaks1
CA,276,breaks2
CA,276,breaks3
CA,276,breaks4
CA,276,breaks5
CA,305,breaks1
CA,305,breaks2
CA,305,breaks3
CA,305,breaks4
CA,305,breaks5
CA,310,breaks1
CA,310,breaks2
CA,310,breaks3
CA,310,breaks4
CA,310,breaks5
CA,311,breaks1
CA,311,breaks2
CA,311,breaks3
CA,311,breaks4
CA,311,breaks5
CA,320,breaks1
CA,320,breaks2
CA,320,breaks3
CA,320,breaks4
CA,320,breaks5
CA,321,breaks1
CA,321,breaks2
CA,321,breaks3
CA,321,breaks4
CA,321,breaks5
CA,322,breaks1
CA,322,breaks2
CA,322,breaks3
CA,322,breaks4
CA,322,breaks5
CA,337,breaks1
CA,337,breaks2
CA,337,breaks3
CA,337,breaks4
CA,337,breaks5
CA,339,breaks1
CA,339,breaks2
CA,339,breaks3
CA,339,breaks4
CA,339,breaks5
CA,346,breaks1
CA,346,breaks2
CA,346,breaks3
CA,346,breaks4
CA,346,breaks5
CA,362,breaks1
CA,362,breaks2
CA,362,breaks3
CA,362,breaks4
CA,362,breaks5
CA,363,breaks1
CA,363,breaks2
CA,363,breaks3
CA,363,breaks4
CA,363,breaks5
CA,383,breaks1
CA,383,breaks2
CA,383,breaks3
CA,383,breaks4
CA,383,breaks5
CA,389,breaks1
CA,389,breaks2
CA,389,breaks3
CA,389,breaks4
CA,389,breaks5
CA,394,breaks1
CA,394,breaks2
CA,394,breaks3
CA,394,breaks4
CA,394,breaks5
CA,402,breaks1
CA,402,breaks2
CA,402,breaks3
CA,402,breaks4
CA,402,breaks5
CA,405,breaks1
CA,405,breaks2
CA,405,breaks3
CA,405,breaks4
CA,405,breaks5
CA,406,breaks1
CA,406,breaks2
CA,406,breaks3
CA,406,breaks4
CA,406,breaks5
CA,409,breaks1
CA,409,breaks2
CA,409,breaks3
CA,409,breaks4
CA,409,breaks5
CA,417,breaks1
CA,417,breaks2
CA,417,breaks3
CA,417,breaks4
CA,417,breaks5
CA,433,breaks1
CA,433,breaks2
CA,433,breaks3
CA,433,breaks4
CA,433,breaks5
CA,444,breaks1
CA,444,breaks2
CA,444,breaks3
CA,444,breaks4
CA,444,breaks5
CA,453,breaks1
CA,453,breaks2
CA,453,breaks3
CA,453,breaks4
CA,453,breaks5
CA,463,breaks1
CA,463,breaks2
CA,463,breaks3
CA,463,breaks4
CA,463,breaks5
CO,116,breaks1
CO,116,breaks2
CO,116,breaks3
CO,116,breaks4
CO,116,breaks5
CO,204,breaks1
CO,204,breaks2
CO,204,breaks3
CO,204,breaks4
CO,204,breaks5
CO,214,breaks1
CO,214,breaks2
CO,214,breaks3
CO,214,breaks4
CO,214,breaks5
CO,285,breaks1
CO,285,breaks2
CO,285,breaks3
CO,285,breaks4
CO,285,breaks5
CO,298,breaks1
CO,298,breaks2
CO,298,breaks3
CO,298,breaks4
CO,298,breaks5
CO,413,breaks1
CO,413,breaks2
CO,413,breaks3
CO,413,breaks4
CO,413,breaks5
CO,427,breaks1
CO,427,breaks2
CO,427,breaks3
CO,427,breaks4
CO,427,breaks5
CO,431,breaks1
CO,431,breaks2
CO,431,breaks3
CO,431,breaks4
CO,431,breaks5
CO,445,breaks1
CO,445,breaks2
CO,445,breaks3
CO,445,breaks4
CO,445,breaks5
CO,446,breaks1
CO,446,breaks2
CO,446,breaks3
CO,446,breaks4
CO,446,breaks5
CO,457,breaks1
CO,457,breaks2
CO,457,breaks3
CO,457,breaks4
CO,457,breaks5
ID,1,breaks1
ID,1,breaks2
ID,1,breaks3
ID,1,breaks4
ID,1,breaks5
ID,2,breaks1
ID,2,breaks2
ID,2,breaks3
ID,2,breaks4
ID,2,breaks5
ID,3,breaks1
ID,3,breaks2
ID,3,breaks3
ID,3,breaks4
ID,3,breaks5
ID,12,breaks1
ID,12,breaks2
ID,12,breaks3
ID,12,breaks4
ID,12,breaks5
ID,13,breaks1
ID,13,breaks2
ID,13,breaks3
ID,13,breaks4
ID,13,breaks5
ID,18,breaks1
ID,18,breaks2
ID,18,breaks3
ID,18,breaks4
ID,18,breaks5
ID,19,breaks1
ID,19,breaks2
ID,19,breaks3
ID,19,breaks4
ID,19,breaks5
ID,20,breaks1
ID,20,breaks2
ID,20,breaks3
ID,20,breaks4
ID,20,breaks5
ID,21,breaks1
ID,21,breaks2
ID,21,breaks3
ID,21,breaks4
ID,21,breaks5
ID,27,breaks1
ID,27,breaks2
ID,27,breaks3
ID,27,breaks4
ID,27,breaks5
ID,28,breaks1
ID,28,breaks2
ID,28,breaks3
ID,28,breaks4
ID,28,breaks5
ID,42,breaks1
ID,42,breaks2
ID,42,breaks3
ID,42,breaks4
ID,42,breaks5
ID,44,breaks1
ID,44,breaks2
ID,44,breaks3
ID,44,breaks4
ID,44,breaks5
ID,47,breaks1
ID,47,breaks2
ID,47,breaks3
ID,47,breaks4
ID,47,breaks5
ID,48,breaks1
ID,48,breaks2
ID,48,breaks3
ID,48,breaks4
ID,48,breaks5
ID,50,breaks1
ID,50,breaks2
ID,50,breaks3
ID,50,breaks4
ID,50,breaks5
ID,74,breaks1
ID,74,breaks2
ID,74,breaks3
ID,74,breaks4
ID,74,breaks5
ID,75,breaks1
ID,75,breaks2
ID,75,breaks3
ID,75,breaks4
ID,75,breaks5
ID,76,breaks1
ID,76,breaks2
ID,76,breaks3
ID,76,breaks4
ID,76,breaks5
ID,81,breaks1
ID,81,breaks2
ID,81,breaks3
ID,81,breaks4
ID,81,breaks5
ID,82,breaks1
ID,82,breaks2
ID,82,breaks3
ID,82,breaks4
ID,82,breaks5
ID,83,breaks1
ID,83,breaks2
ID,83,breaks3
ID,83,breaks4
ID,83,breaks5
ID,87,breaks1
ID,87,breaks2
ID,87,breaks3
ID,87,breaks4
ID,87,breaks5
ID,91,breaks1
ID,91,breaks2
ID,91,breaks3
ID,91,breaks4
ID,91,breaks5
ID,93,breaks1
ID,93,breaks2
ID,93,breaks3
ID,93,breaks4
ID,93,breaks5
ID,95,breaks1
ID,95,breaks2
ID,95,breaks3
ID,95,breaks4
ID,95,breaks5
ID,115,breaks1
ID,115,breaks2
ID,115,breaks3
ID,115,breaks4
ID,115,breaks5
ID,117,breaks1
ID,117,breaks2
ID,117,breaks3
ID,117,breaks4
ID,117,breaks5
ID,124,breaks1
ID,124,breaks2
ID,124,breaks3
ID,124,breaks4
ID,124,breaks5
ID,142,breaks1
ID,142,breaks2
ID,142,breaks3
ID,142,breaks4
ID,142,breaks5
ID,143,breaks1
ID,143,breaks2
ID,143,breaks3
ID,143,breaks4
ID,143,breaks5
ID,164,breaks1
ID,164,breaks2
ID,164,breaks3
ID,164,breaks4
ID,164,breaks5
ID,176,breaks1
ID,176,breaks2
ID,176,breaks3
ID,176,breaks4
ID,176,breaks5
ID,183,breaks1
ID,183,breaks2
ID,183,breaks3
ID,183,breaks4
ID,183,breaks5
ID,187,breaks1
ID,187,breaks2
ID,187,breaks3
ID,187,breaks4
ID,187,breaks5
ID,193,breaks1
ID,193,breaks2
ID,193,breaks3
ID,193,breaks4
ID,193,breaks5
ID,196,breaks1
ID,196,breaks2
ID,196,breaks3
ID,196,breaks4
ID,196,breaks5
ID,202,breaks1
ID,202,breaks2
ID,202,breaks3
ID,202,breaks4
ID,202,breaks5
ID,216,breaks1
ID,216,breaks2
ID,216,breaks3
ID,216,breaks4
ID,216,breaks5
ID,227,breaks1
ID,227,breaks2
ID,227,breaks3
ID,227,breaks4
ID,227,breaks5
ID,236,breaks1
ID,236,breaks2
ID,236,breaks3
ID,236,breaks4
ID,236,breaks5
ID,237,breaks1
ID,237,breaks2
ID,237,breaks3
ID,237,breaks4
ID,237,breaks5
ID,238,breaks1
ID,238,breaks2
ID,238,breaks3
ID,238,breaks4
ID,238,breaks5
ID,239,breaks1
ID,239,breaks2
ID,239,breaks3
ID,239,breaks4
ID,239,breaks5
ID,240,breaks1
ID,240,breaks2
ID,240,breaks3
ID,240,breaks4
ID,240,breaks5
ID,252,breaks1
ID,252,breaks2
ID,252,breaks3
ID,252,breaks4
ID,252,breaks5
ID,261,breaks1
ID,261,breaks2
ID,261,breaks3
ID,261,breaks4
ID,261,breaks5
ID,266,breaks1
ID,266,breaks2
ID,266,breaks3
ID,266,breaks4
ID,266,breaks5
ID,267,breaks1
ID,267,breaks2
ID,267,breaks3
ID,267,breaks4
ID,267,breaks5
ID,286,breaks1
ID,286,breaks2
ID,286,breaks3
ID,286,breaks4
ID,286,breaks5
ID,297,breaks1
ID,297,breaks2
ID,297,breaks3
ID,297,breaks4
ID,297,breaks5
ID,303,breaks1
ID,303,breaks2
ID,303,breaks3
ID,303,breaks4
ID,303,breaks5
ID,314,breaks1
ID,314,breaks2
ID,314,breaks3
ID,314,breaks4
ID,314,breaks5
ID,317,breaks1
ID,317,breaks2
ID,317,breaks3
ID,317,breaks4
ID,317,breaks5
ID,318,breaks1
ID,318,breaks2
ID,318,breaks3
ID,318,breaks4
ID,318,breaks5
ID,329,breaks1
ID,329,breaks2
ID,329,breaks3
ID,329,breaks4
ID,329,breaks5
ID,332,breaks1
ID,332,breaks2
ID,332,breaks3
ID,332,breaks4
ID,332,breaks5
ID,349,breaks1
ID,349,breaks2
ID,349,breaks3
ID,349,breaks4
ID,349,breaks5
ID,364,breaks1
ID,364,breaks2
ID,364,breaks3
ID,364,breaks4
ID,364,breaks5
ID,366,breaks1
ID,366,breaks2
ID,366,breaks3
ID,366,breaks4
ID,366,breaks5
ID,385,breaks1
ID,385,breaks2
ID,385,breaks3
ID,385,breaks4
ID,385,breaks5
ID,387,breaks1
ID,387,breaks2
ID,387,breaks3
ID,387,breaks4
ID,387,breaks5
ID,414,breaks1
ID,414,breaks2
ID,414,breaks3
ID,414,breaks4
ID,414,breaks5
ID,418,breaks1
ID,418,breaks2
ID,418,breaks3
ID,418,breaks4
ID,418,breaks5
ID,419,breaks1
ID,419,breaks2
ID,419,breaks3
ID,419,breaks4
ID,419,breaks5
ID,428,breaks1
ID,428,breaks2
ID,428,breaks3
ID,428,breaks4
ID,428,breaks5
ID,434,breaks1
ID,434,breaks2
ID,434,breaks3
ID,434,breaks4
ID,434,breaks5
ID,437,breaks1
ID,437,breaks2
ID,437,breaks3
ID,437,breaks4
ID,437,breaks5
ID,439,breaks1
ID,439,breaks2
ID,439,breaks3
ID,439,breaks4
ID,439,breaks5
ID,443,breaks1
ID,443,breaks2
ID,443,breaks3
ID,443,breaks4
ID,443,breaks5
ID,459,breaks1
ID,459,breaks2
ID,459,breaks3
ID,459,breaks4
ID,459,breaks5
ID,473,breaks1
ID,473,breaks2
ID,473,breaks3
ID,473,breaks4
ID,473,breaks5
MT,35,breaks1
MT,35,breaks2
MT,35,breaks3
MT,35,breaks4
MT,35,breaks5
MT,56,breaks1
MT,56,breaks2
MT,56,breaks3
MT,56,breaks4
MT,56,breaks5
MT,118,breaks1
MT,118,breaks2
MT,118,breaks3
MT,118,breaks4
MT,118,breaks5
MT,120,breaks1
MT,120,breaks2
MT,120,breaks3
MT,120,breaks4
MT,120,breaks5
MT,140,breaks1
MT,140,breaks2
MT,140,breaks3
MT,140,breaks4
MT,140,breaks5
MT,180,breaks1
MT,180,breaks2
MT,180,breaks3
MT,180,breaks4
MT,180,breaks5
MT,221,breaks1
MT,221,breaks2
MT,221,breaks3
MT,221,breaks4
MT,221,breaks5
MT,234,breaks1
MT,234,breaks2
MT,234,breaks3
MT,234,breaks4
MT,234,breaks5
MT,278,breaks1
MT,278,breaks2
MT,278,breaks3
MT,278,breaks4
MT,278,breaks5
MT,288,breaks1
MT,288,breaks2
MT,288,breaks3
MT,288,breaks4
MT,288,breaks5
MT,361,breaks1
MT,361,breaks2
MT,361,breaks3
MT,361,breaks4
MT,361,breaks5
MT,407,breaks1
MT,407,breaks2
MT,407,breaks3
MT,407,breaks4
MT,407,breaks5
MT,412,breaks1
MT,412,breaks2
MT,412,breaks3
MT,412,breaks4
MT,412,breaks5
MT,415,breaks1
MT,415,breaks2
MT,415,breaks3
MT,415,breaks4
MT,415,breaks5
MT,416,breaks1
MT,416,breaks2
MT,416,breaks3
MT,416,breaks4
MT,416,breaks5
MT,429,breaks1
MT,429,breaks2
MT,429,breaks3
MT,429,breaks4
MT,429,breaks5
NM,4,breaks1
NM,4,breaks2
NM,4,breaks3
NM,4,breaks4
NM,4,breaks5
NM,32,breaks1
NM,32,breaks2
NM,32,breaks3
NM,32,breaks4
NM,32,breaks5
NM,33,breaks1
NM,33,breaks2
NM,33,breaks3
NM,33,breaks4
NM,33,breaks5
NM,53,breaks1
NM,53,breaks2
NM,53,breaks3
NM,53,breaks4
NM,53,breaks5
NM,54,breaks1
NM,54,breaks2
NM,54,breaks3
NM,54,breaks4
NM,54,breaks5
NM,114,breaks1
NM,114,breaks2
NM,114,breaks3
NM,114,breaks4
NM,114,breaks5
NM,272,breaks1
NM,272,breaks2
NM,272,breaks3
NM,272,breaks4
NM,272,breaks5
NM,360,breaks1
NM,360,breaks2
NM,360,breaks3
NM,360,breaks4
NM,360,breaks5
NM,432,breaks1
NM,432,breaks2
NM,432,breaks3
NM,432,breaks4
NM,432,breaks5
NM,465,breaks1
NM,465,breaks2
NM,465,breaks3
NM,465,breaks4
NM,465,breaks5
NV,110,breaks1
NV,110,breaks2
NV,110,breaks3
NV,110,breaks4
NV,110,breaks5
NV,275,breaks1
NV,275,breaks2
NV,275,breaks3
NV,275,breaks4
NV,275,breaks5
NV,331,breaks1
NV,331,breaks2
NV,331,breaks3
NV,331,breaks4
NV,331,breaks5
NV,384,breaks1
NV,384,breaks2
NV,384,breaks3
NV,384,breaks4
NV,384,breaks5
NV,399,breaks1
NV,399,breaks2
NV,399,breaks3
NV,399,breaks4
NV,399,breaks5
NV,460,breaks1
NV,460,breaks2
NV,460,breaks3
NV,460,breaks4
NV,460,breaks5
OR,16,breaks1
OR,16,breaks2
OR,16,breaks3
OR,16,breaks4
OR,16,breaks5
OR,23,breaks1
OR,23,breaks2
OR,23,breaks3
OR,23,breaks4
OR,23,breaks5
OR,24,breaks1
OR,24,breaks2
OR,24,breaks3
OR,24,breaks4
OR,24,breaks5
OR,30,breaks1
OR,30,breaks2
OR,30,breaks3
OR,30,breaks4
OR,30,breaks5
OR,31,breaks1
OR,31,breaks2
OR,31,breaks3
OR,31,breaks4
OR,31,breaks5
OR,36,breaks1
OR,36,breaks2
OR,36,breaks3
OR,36,breaks4
OR,36,breaks5
OR,37,breaks1
OR,37,breaks2
OR,37,breaks3
OR,37,breaks4
OR,37,breaks5
OR,38,breaks1
OR,38,breaks2
OR,38,breaks3
OR,38,breaks4
OR,38,breaks5
OR,43,breaks1
OR,43,breaks2
OR,43,breaks3
OR,43,breaks4
OR,43,breaks5
OR,45,breaks1
OR,45,breaks2
OR,45,breaks3
OR,45,breaks4
OR,45,breaks5
OR,49,breaks1
OR,49,breaks2
OR,49,breaks3
OR,49,breaks4
OR,49,breaks5
OR,51,breaks1
OR,51,breaks2
OR,51,breaks3
OR,51,breaks4
OR,51,breaks5
OR,52,breaks1
OR,52,breaks2
OR,52,breaks3
OR,52,breaks4
OR,52,breaks5
OR,59,breaks1
OR,59,breaks2
OR,59,breaks3
OR,59,breaks4
OR,59,breaks5
OR,65,breaks1
OR,65,breaks2
OR,65,breaks3
OR,65,breaks4
OR,65,breaks5
OR,67,breaks1
OR,67,breaks2
OR,67,breaks3
OR,67,breaks4
OR,67,breaks5
OR,73,breaks1
OR,73,breaks2
OR,73,breaks3
OR,73,breaks4
OR,73,breaks5
OR,77,breaks1
OR,77,breaks2
OR,77,breaks3
OR,77,breaks4
OR,77,breaks5
OR,78,breaks1
OR,78,breaks2
OR,78,breaks3
OR,78,breaks4
OR,78,breaks5
OR,79,breaks1
OR,79,breaks2
OR,79,breaks3
OR,79,breaks4
OR,79,breaks5
OR,86,breaks1
OR,86,breaks2
OR,86,breaks3
OR,86,breaks4
OR,86,breaks5
OR,92,breaks1
OR,92,breaks2
OR,92,breaks3
OR,92,breaks4
OR,92,breaks5
OR,96,breaks1
OR,96,breaks2
OR,96,breaks3
OR,96,breaks4
OR,96,breaks5
OR,97,breaks1
OR,97,breaks2
OR,97,breaks3
OR,97,breaks4
OR,97,breaks5
OR,101,breaks1
OR,101,breaks2
OR,101,breaks3
OR,101,breaks4
OR,101,breaks5
OR,102,breaks1
OR,102,breaks2
OR,102,breaks3
OR,102,breaks4
OR,102,breaks5
OR,105,breaks1
OR,105,breaks2
OR,105,breaks3
OR,105,breaks4
OR,105,breaks5
OR,108,breaks1
OR,108,breaks2
OR,108,breaks3
OR,108,breaks4
OR,108,breaks5
OR,109,breaks1
OR,109,breaks2
OR,109,breaks3
OR,109,breaks4
OR,109,breaks5
OR,112,breaks1
OR,112,breaks2
OR,112,breaks3
OR,112,breaks4
OR,112,breaks5
OR,125,breaks1
OR,125,breaks2
OR,125,breaks3
OR,125,breaks4
OR,125,breaks5
OR,126,breaks1
OR,126,breaks2
OR,126,breaks3
OR,126,breaks4
OR,126,breaks5
OR,127,breaks1
OR,127,breaks2
OR,127,breaks3
OR,127,breaks4
OR,127,breaks5
OR,128,breaks1
OR,128,breaks2
OR,128,breaks3
OR,128,breaks4
OR,128,breaks5
OR,129,breaks1
OR,129,breaks2
OR,129,breaks3
OR,129,breaks4
OR,129,breaks5
OR,132,breaks1
OR,132,breaks2
OR,132,breaks3
OR,132,breaks4
OR,132,breaks5
OR,133,breaks1
OR,133,breaks2
OR,133,breaks3
OR,133,breaks4
OR,133,breaks5
OR,134,breaks1
OR,134,breaks2
OR,134,breaks3
OR,134,breaks4
OR,134,breaks5
OR,135,breaks1
OR,135,breaks2
OR,135,breaks3
OR,135,breaks4
OR,135,breaks5
OR,136,breaks1
OR,136,breaks2
OR,136,breaks3
OR,136,breaks4
OR,136,breaks5
OR,137,breaks1
OR,137,breaks2
OR,137,breaks3
OR,137,breaks4
OR,137,breaks5
OR,141,breaks1
OR,141,breaks2
OR,141,breaks3
OR,141,breaks4
OR,141,breaks5
OR,144,breaks1
OR,144,breaks2
OR,144,breaks3
OR,144,breaks4
OR,144,breaks5
OR,145,breaks1
OR,145,breaks2
OR,145,breaks3
OR,145,breaks4
OR,145,breaks5
OR,146,breaks1
OR,146,breaks2
OR,146,breaks3
OR,146,breaks4
OR,146,breaks5
OR,147,breaks1
OR,147,breaks2
OR,147,breaks3
OR,147,breaks4
OR,147,breaks5
OR,148,breaks1
OR,148,breaks2
OR,148,breaks3
OR,148,breaks4
OR,148,breaks5
OR,151,breaks1
OR,151,breaks2
OR,151,breaks3
OR,151,breaks4
OR,151,breaks5
OR,152,breaks1
OR,152,breaks2
OR,152,breaks3
OR,152,breaks4
OR,152,breaks5
OR,160,breaks1
OR,160,breaks2
OR,160,breaks3
OR,160,breaks4
OR,160,breaks5
OR,165,breaks1
OR,165,breaks2
OR,165,breaks3
OR,165,breaks4
OR,165,breaks5
OR,169,breaks1
OR,169,breaks2
OR,169,breaks3
OR,169,breaks4
OR,169,breaks5
OR,171,breaks1
OR,171,breaks2
OR,171,breaks3
OR,171,breaks4
OR,171,breaks5
OR,172,breaks1
OR,172,breaks2
OR,172,breaks3
OR,172,breaks4
OR,172,breaks5
OR,174,breaks1
OR,174,breaks2
OR,174,breaks3
OR,174,breaks4
OR,174,breaks5
OR,175,breaks1
OR,175,breaks2
OR,175,breaks3
OR,175,breaks4
OR,175,breaks5
OR,188,breaks1
OR,188,breaks2
OR,188,breaks3
OR,188,breaks4
OR,188,breaks5
OR,189,breaks1
OR,189,breaks2
OR,189,breaks3
OR,189,breaks4
OR,189,breaks5
OR,190,breaks1
OR,190,breaks2
OR,190,breaks3
OR,190,breaks4
OR,190,breaks5
OR,211,breaks1
OR,211,breaks2
OR,211,breaks3
OR,211,breaks4
OR,211,breaks5
OR,215,breaks1
OR,215,breaks2
OR,215,breaks3
OR,215,breaks4
OR,215,breaks5
OR,222,breaks1
OR,222,breaks2
OR,222,breaks3
OR,222,breaks4
OR,222,breaks5
OR,223,breaks1
OR,223,breaks2
OR,223,breaks3
OR,223,breaks4
OR,223,breaks5
OR,224,breaks1
OR,224,breaks2
OR,224,breaks3
OR,224,breaks4
OR,224,breaks5
OR,225,breaks1
OR,225,breaks2
OR,225,breaks3
OR,225,breaks4
OR,225,breaks5
OR,229,breaks1
OR,229,breaks2
OR,229,breaks3
OR,229,breaks4
OR,229,breaks5
OR,235,breaks1
OR,235,breaks2
OR,235,breaks3
OR,235,breaks4
OR,235,breaks5
OR,242,breaks1
OR,242,breaks2
OR,242,breaks3
OR,242,breaks4
OR,242,breaks5
OR,244,breaks1
OR,244,breaks2
OR,244,breaks3
OR,244,breaks4
OR,244,breaks5
OR,247,breaks1
OR,247,breaks2
OR,247,breaks3
OR,247,breaks4
OR,247,breaks5
OR,250,breaks1
OR,250,breaks2
OR,250,breaks3
OR,250,breaks4
OR,250,breaks5
OR,251,breaks1
OR,251,breaks2
OR,251,breaks3
OR,251,breaks4
OR,251,breaks5
OR,253,breaks1
OR,253,breaks2
OR,253,breaks3
OR,253,breaks4
OR,253,breaks5
OR,254,breaks1
OR,254,breaks2
OR,254,breaks3
OR,254,breaks4
OR,254,breaks5
OR,256,breaks1
OR,256,breaks2
OR,256,breaks3
OR,256,breaks4
OR,256,breaks5
OR,257,breaks1
OR,257,breaks2
OR,257,breaks3
OR,257,breaks4
OR,257,breaks5
OR,259,breaks1
OR,259,breaks2
OR,259,breaks3
OR,259,breaks4
OR,259,breaks5
OR,265,breaks1
OR,265,breaks2
OR,265,breaks3
OR,265,breaks4
OR,265,breaks5
OR,268,breaks1
OR,268,breaks2
OR,268,breaks3
OR,268,breaks4
OR,268,breaks5
OR,269,breaks1
OR,269,breaks2
OR,269,breaks3
OR,269,breaks4
OR,269,breaks5
OR,270,breaks1
OR,270,breaks2
OR,270,breaks3
OR,270,breaks4
OR,270,breaks5
OR,279,breaks1
OR,279,breaks2
OR,279,breaks3
OR,279,breaks4
OR,279,breaks5
OR,280,breaks1
OR,280,breaks2
OR,280,breaks3
OR,280,breaks4
OR,280,breaks5
OR,282,breaks1
OR,282,breaks2
OR,282,breaks3
OR,282,breaks4
OR,282,breaks5
OR,283,breaks1
OR,283,breaks2
OR,283,breaks3
OR,283,breaks4
OR,283,breaks5
OR,289,breaks1
OR,289,breaks2
OR,289,breaks3
OR,289,breaks4
OR,289,breaks5
OR,290,breaks1
OR,290,breaks2
OR,290,breaks3
OR,290,breaks4
OR,290,breaks5
OR,292,breaks1
OR,292,breaks2
OR,292,breaks3
OR,292,breaks4
OR,292,breaks5
OR,295,breaks1
OR,295,breaks2
OR,295,breaks3
OR,295,breaks4
OR,295,breaks5
OR,296,breaks1
OR,296,breaks2
OR,296,breaks3
OR,296,breaks4
OR,296,breaks5
OR,304,breaks1
OR,304,breaks2
OR,304,breaks3
OR,304,breaks4
OR,304,breaks5
OR,308,breaks1
OR,308,breaks2
OR,308,breaks3
OR,308,breaks4
OR,308,breaks5
OR,312,breaks1
OR,312,breaks2
OR,312,breaks3
OR,312,breaks4
OR,312,breaks5
OR,325,breaks1
OR,325,breaks2
OR,325,breaks3
OR,325,breaks4
OR,325,breaks5
OR,326,breaks1
OR,326,breaks2
OR,326,breaks3
OR,326,breaks4
OR,326,breaks5
OR,327,breaks1
OR,327,breaks2
OR,327,breaks3
OR,327,breaks4
OR,327,breaks5
OR,328,breaks1
OR,328,breaks2
OR,328,breaks3
OR,328,breaks4
OR,328,breaks5
OR,330,breaks1
OR,330,breaks2
OR,330,breaks3
OR,330,breaks4
OR,330,breaks5
OR,338,breaks1
OR,338,breaks2
OR,338,breaks3
OR,338,breaks4
OR,338,breaks5
OR,341,breaks1
OR,341,breaks2
OR,341,breaks3
OR,341,breaks4
OR,341,breaks5
OR,342,breaks1
OR,342,breaks2
OR,342,breaks3
OR,342,breaks4
OR,342,breaks5
OR,343,breaks1
OR,343,breaks2
OR,343,breaks3
OR,343,breaks4
OR,343,breaks5
OR,344,breaks1
OR,344,breaks2
OR,344,breaks3
OR,344,breaks4
OR,344,breaks5
OR,347,breaks1
OR,347,breaks2
OR,347,breaks3
OR,347,breaks4
OR,347,breaks5
OR,354,breaks1
OR,354,breaks2
OR,354,breaks3
OR,354,breaks4
OR,354,breaks5
OR,355,breaks1
OR,355,breaks2
OR,355,breaks3
OR,355,breaks4
OR,355,breaks5
OR,356,breaks1
OR,356,breaks2
OR,356,breaks3
OR,356,breaks4
OR,356,breaks5
OR,357,breaks1
OR,357,breaks2
OR,357,breaks3
OR,357,breaks4
OR,357,breaks5
OR,358,breaks1
OR,358,breaks2
OR,358,breaks3
OR,358,breaks4
OR,358,breaks5
OR,368,breaks1
OR,368,breaks2
OR,368,breaks3
OR,368,breaks4
OR,368,breaks5
OR,370,breaks1
OR,370,breaks2
OR,370,breaks3
OR,370,breaks4
OR,370,breaks5
OR,371,breaks1
OR,371,breaks2
OR,371,breaks3
OR,371,breaks4
OR,371,breaks5
OR,372,breaks1
OR,372,breaks2
OR,372,breaks3
OR,372,breaks4
OR,372,breaks5
OR,375,breaks1
OR,375,breaks2
OR,375,breaks3
OR,375,breaks4
OR,375,breaks5
OR,378,breaks1
OR,378,breaks2
OR,378,breaks3
OR,378,breaks4
OR,378,breaks5
OR,382,breaks1
OR,382,breaks2
OR,382,breaks3
OR,382,breaks4
OR,382,breaks5
OR,386,breaks1
OR,386,breaks2
OR,386,breaks3
OR,386,breaks4
OR,386,breaks5
OR,388,breaks1
OR,388,breaks2
OR,388,breaks3
OR,388,breaks4
OR,388,breaks5
OR,390,breaks1
OR,390,breaks2
OR,390,breaks3
OR,390,breaks4
OR,390,breaks5
OR,392,breaks1
OR,392,breaks2
OR,392,breaks3
OR,392,breaks4
OR,392,breaks5
OR,395,breaks1
OR,395,breaks2
OR,395,breaks3
OR,395,breaks4
OR,395,breaks5
OR,396,breaks1
OR,396,breaks2
OR,396,breaks3
OR,396,breaks4
OR,396,breaks5
OR,397,breaks1
OR,397,breaks2
OR,397,breaks3
OR,397,breaks4
OR,397,breaks5
OR,398,breaks1
OR,398,breaks2
OR,398,breaks3
OR,398,breaks4
OR,398,breaks5
OR,403,breaks1
OR,403,breaks2
OR,403,breaks3
OR,403,breaks4
OR,403,breaks5
OR,404,breaks1
OR,404,breaks2
OR,404,breaks3
OR,404,breaks4
OR,404,breaks5
OR,411,breaks1
OR,411,breaks2
OR,411,breaks3
OR,411,breaks4
OR,411,breaks5
OR,420,breaks1
OR,420,breaks2
OR,420,breaks3
OR,420,breaks4
OR,420,breaks5
OR,421,breaks1
OR,421,breaks2
OR,421,breaks3
OR,421,breaks4
OR,421,breaks5
OR,422,breaks1
OR,422,breaks2
OR,422,breaks3
OR,422,breaks4
OR,422,breaks5
OR,423,breaks1
OR,423,breaks2
OR,423,breaks3
OR,423,breaks4
OR,423,breaks5
OR,424,breaks1
OR,424,breaks2
OR,424,breaks3
OR,424,breaks4
OR,424,breaks5
OR,425,breaks1
OR,425,breaks2
OR,425,breaks3
OR,425,breaks4
OR,425,breaks5
OR,426,breaks1
OR,426,breaks2
OR,426,breaks3
OR,426,breaks4
OR,426,breaks5
OR,440,breaks1
OR,440,breaks2
OR,440,breaks3
OR,440,breaks4
OR,440,breaks5
OR,447,breaks1
OR,447,breaks2
OR,447,breaks3
OR,447,breaks4
OR,447,breaks5
OR,448,breaks1
OR,448,breaks2
OR,448,breaks3
OR,448,breaks4
OR,448,breaks5
OR,449,breaks1
OR,449,breaks2
OR,449,breaks3
OR,449,breaks4
OR,449,breaks5
OR,451,breaks1
OR,451,breaks2
OR,451,breaks3
OR,451,breaks4
OR,451,breaks5
OR,454,breaks1
OR,454,breaks2
OR,454,breaks3
OR,454,breaks4
OR,454,breaks5
OR,456,breaks1
OR,456,breaks2
OR,456,breaks3
OR,456,breaks4
OR,456,breaks5
OR,464,breaks1
OR,464,breaks2
OR,464,breaks3
OR,464,breaks4
OR,464,breaks5
OR,467,breaks1
OR,467,breaks2
OR,467,breaks3
OR,467,breaks4
OR,467,breaks5
OR,468,breaks1
OR,468,breaks2
OR,468,breaks3
OR,468,breaks4
OR,468,breaks5
OR,469,breaks1
OR,469,breaks2
OR,469,breaks3
OR,469,breaks4
OR,469,breaks5
OR,474,breaks1
OR,474,breaks2
OR,474,breaks3
OR,474,breaks4
OR,474,breaks5
OR,475,breaks1
OR,475,breaks2
OR,475,breaks3
OR,475,breaks4
OR,475,breaks5
OR,476,breaks1
OR,476,breaks2
OR,476,breaks3
OR,476,breaks4
OR,476,breaks5
UT,55,breaks1
UT,55,breaks2
UT,55,breaks3
UT,55,breaks4
UT,55,breaks5
UT,104,breaks1
UT,104,breaks2
UT,104,breaks3
UT,104,breaks4
UT,104,breaks5
WA,3,breaks1
WA,3,breaks2
WA,3,breaks3
WA,3,breaks4
WA,3,breaks5
WA,5,breaks1
WA,5,breaks2
WA,5,breaks3
WA,5,breaks4
WA,5,breaks5
WA,8,breaks1
WA,8,breaks2
WA,8,breaks3
WA,8,breaks4
WA,8,breaks5
WA,9,breaks1
WA,9,breaks2
WA,9,breaks3
WA,9,breaks4
WA,9,breaks5
WA,10,breaks1
WA,10,breaks2
WA,10,breaks3
WA,10,breaks4
WA,10,breaks5
WA,11,breaks1
WA,11,breaks2
WA,11,breaks3
WA,11,breaks4
WA,11,breaks5
WA,14,breaks1
WA,14,breaks2
WA,14,breaks3
WA,14,breaks4
WA,14,breaks5
WA,15,breaks1
WA,15,breaks2
WA,15,breaks3
WA,15,breaks4
WA,15,breaks5
WA,22,breaks1
WA,22,breaks2
WA,22,breaks3
WA,22,breaks4
WA,22,breaks5
WA,25,breaks1
WA,25,breaks2
WA,25,breaks3
WA,25,breaks4
WA,25,breaks5
WA,26,breaks1
WA,26,breaks2
WA,26,breaks3
WA,26,breaks4
WA,26,breaks5
WA,29,breaks1
WA,29,breaks2
WA,29,breaks3
WA,29,breaks4
WA,29,breaks5
WA,34,breaks1
WA,34,breaks2
WA,34,breaks3
WA,34,breaks4
WA,34,breaks5
WA,41,breaks1
WA,41,breaks2
WA,41,breaks3
WA,41,breaks4
WA,41,breaks5
WA,46,breaks1
WA,46,breaks2
WA,46,breaks3
WA,46,breaks4
WA,46,breaks5
WA,57,breaks1
WA,57,breaks2
WA,57,breaks3
WA,57,breaks4
WA,57,breaks5
WA,61,breaks1
WA,61,breaks2
WA,61,breaks3
WA,61,breaks4
WA,61,breaks5
WA,62,breaks1
WA,62,breaks2
WA,62,breaks3
WA,62,breaks4
WA,62,breaks5
WA,63,breaks1
WA,63,breaks2
WA,63,breaks3
WA,63,breaks4
WA,63,breaks5
WA,64,breaks1
WA,64,breaks2
WA,64,breaks3
WA,64,breaks4
WA,64,breaks5
WA,68,breaks1
WA,68,breaks2
WA,68,breaks3
WA,68,breaks4
WA,68,breaks5
WA,72,breaks1
WA,72,breaks2
WA,72,breaks3
WA,72,breaks4
WA,72,breaks5
WA,84,breaks1
WA,84,breaks2
WA,84,breaks3
WA,84,breaks4
WA,84,breaks5
WA,89,breaks1
WA,89,breaks2
WA,89,breaks3
WA,89,breaks4
WA,89,breaks5
WA,90,breaks1
WA,90,breaks2
WA,90,breaks3
WA,90,breaks4
WA,90,breaks5
WA,98,breaks1
WA,98,breaks2
WA,98,breaks3
WA,98,breaks4
WA,98,breaks5
WA,106,breaks1
WA,106,breaks2
WA,106,breaks3
WA,106,breaks4
WA,106,breaks5
WA,111,breaks1
WA,111,breaks2
WA,111,breaks3
WA,111,breaks4
WA,111,breaks5
WA,119,breaks1
WA,119,breaks2
WA,119,breaks3
WA,119,breaks4
WA,119,breaks5
WA,121,breaks1
WA,121,breaks2
WA,121,breaks3
WA,121,breaks4
WA,121,breaks5
WA,122,breaks1
WA,122,breaks2
WA,122,breaks3
WA,122,breaks4
WA,122,breaks5
WA,123,breaks1
WA,123,breaks2
WA,123,breaks3
WA,123,breaks4
WA,123,breaks5
WA,130,breaks1
WA,130,breaks2
WA,130,breaks3
WA,130,breaks4
WA,130,breaks5
WA,131,breaks1
WA,131,breaks2
WA,131,breaks3
WA,131,breaks4
WA,131,breaks5
WA,139,breaks1
WA,139,breaks2
WA,139,breaks3
WA,139,breaks4
WA,139,breaks5
WA,150,breaks1
WA,150,breaks2
WA,150,breaks3
WA,150,breaks4
WA,150,breaks5
WA,154,breaks1
WA,154,breaks2
WA,154,breaks3
WA,154,breaks4
WA,154,breaks5
WA,155,breaks1
WA,155,breaks2
WA,155,breaks3
WA,155,breaks4
WA,155,breaks5
WA,156,breaks1
WA,156,breaks2
WA,156,breaks3
WA,156,breaks4
WA,156,breaks5
WA,157,breaks1
WA,157,breaks2
WA,157,breaks3
WA,157,breaks4
WA,157,breaks5
WA,158,breaks1
WA,158,breaks2
WA,158,breaks3
WA,158,breaks4
WA,158,breaks5
WA,159,breaks1
WA,159,breaks2
WA,159,breaks3
WA,159,breaks4
WA,159,breaks5
WA,161,breaks1
WA,161,breaks2
WA,161,breaks3
WA,161,breaks4
WA,161,breaks5
WA,166,breaks1
WA,166,breaks2
WA,166,breaks3
WA,166,breaks4
WA,166,breaks5
WA,167,breaks1
WA,167,breaks2
WA,167,breaks3
WA,167,breaks4
WA,167,breaks5
WA,168,breaks1
WA,168,breaks2
WA,168,breaks3
WA,168,breaks4
WA,168,breaks5
WA,170,breaks1
WA,170,breaks2
WA,170,breaks3
WA,170,breaks4
WA,170,breaks5
WA,173,breaks1
WA,173,breaks2
WA,173,breaks3
WA,173,breaks4
WA,173,breaks5
WA,179,breaks1
WA,179,breaks2
WA,179,breaks3
WA,179,breaks4
WA,179,breaks5
WA,182,breaks1
WA,182,breaks2
WA,182,breaks3
WA,182,breaks4
WA,182,breaks5
WA,184,breaks1
WA,184,breaks2
WA,184,breaks3
WA,184,breaks4
WA,184,breaks5
WA,185,breaks1
WA,185,breaks2
WA,185,breaks3
WA,185,breaks4
WA,185,breaks5
WA,186,breaks1
WA,186,breaks2
WA,186,breaks3
WA,186,breaks4
WA,186,breaks5
WA,192,breaks1
WA,192,breaks2
WA,192,breaks3
WA,192,breaks4
WA,192,breaks5
WA,194,breaks1
WA,194,breaks2
WA,194,breaks3
WA,194,breaks4
WA,194,breaks5
WA,195,breaks1
WA,195,breaks2
WA,195,breaks3
WA,195,breaks4
WA,195,breaks5
WA,197,breaks1
WA,197,breaks2
WA,197,breaks3
WA,197,breaks4
WA,197,breaks5
WA,200,breaks1
WA,200,breaks2
WA,200,breaks3
WA,200,breaks4
WA,200,breaks5
WA,203,breaks1
WA,203,breaks2
WA,203,breaks3
WA,203,breaks4
WA,203,breaks5
WA,205,breaks1
WA,205,breaks2
WA,205,breaks3
WA,205,breaks4
WA,205,breaks5
WA,206,breaks1
WA,206,breaks2
WA,206,breaks3
WA,206,breaks4
WA,206,breaks5
WA,208,breaks1
WA,208,breaks2
WA,208,breaks3
WA,208,breaks4
WA,208,breaks5
WA,210,breaks1
WA,210,breaks2
WA,210,breaks3
WA,210,breaks4
WA,210,breaks5
WA,212,breaks1
WA,212,breaks2
WA,212,breaks3
WA,212,breaks4
WA,212,breaks5
WA,213,breaks1
WA,213,breaks2
WA,213,breaks3
WA,213,breaks4
WA,213,breaks5
WA,219,breaks1
WA,219,breaks2
WA,219,breaks3
WA,219,breaks4
WA,219,breaks5
WA,220,breaks1
WA,220,breaks2
WA,220,breaks3
WA,220,breaks4
WA,220,breaks5
WA,226,breaks1
WA,226,breaks2
WA,226,breaks3
WA,226,breaks4
WA,226,breaks5
WA,228,breaks1
WA,228,breaks2
WA,228,breaks3
WA,228,breaks4
WA,228,breaks5
WA,230,breaks1
WA,230,breaks2
WA,230,breaks3
WA,230,breaks4
WA,230,breaks5
WA,231,breaks1
WA,231,breaks2
WA,231,breaks3
WA,231,breaks4
WA,231,breaks5
WA,232,breaks1
WA,232,breaks2
WA,232,breaks3
WA,232,breaks4
WA,232,breaks5
WA,243,breaks1
WA,243,breaks2
WA,243,breaks3
WA,243,breaks4
WA,243,breaks5
WA,246,breaks1
WA,246,breaks2
WA,246,breaks3
WA,246,breaks4
WA,246,breaks5
WA,248,breaks1
WA,248,breaks2
WA,248,breaks3
WA,248,breaks4
WA,248,breaks5
WA,258,breaks1
WA,258,breaks2
WA,258,breaks3
WA,258,breaks4
WA,258,breaks5
WA,260,breaks1
WA,260,breaks2
WA,260,breaks3
WA,260,breaks4
WA,260,breaks5
WA,262,breaks1
WA,262,breaks2
WA,262,breaks3
WA,262,breaks4
WA,262,breaks5
WA,263,breaks1
WA,263,breaks2
WA,263,breaks3
WA,263,breaks4
WA,263,breaks5
WA,274,breaks1
WA,274,breaks2
WA,274,breaks3
WA,274,breaks4
WA,274,breaks5
WA,277,breaks1
WA,277,breaks2
WA,277,breaks3
WA,277,breaks4
WA,277,breaks5
WA,281,breaks1
WA,281,breaks2
WA,281,breaks3
WA,281,breaks4
WA,281,breaks5
WA,287,breaks1
WA,287,breaks2
WA,287,breaks3
WA,287,breaks4
WA,287,breaks5
WA,291,breaks1
WA,291,breaks2
WA,291,breaks3
WA,291,breaks4
WA,291,breaks5
WA,293,breaks1
WA,293,breaks2
WA,293,breaks3
WA,293,breaks4
WA,293,breaks5
WA,294,breaks1
WA,294,breaks2
WA,294,breaks3
WA,294,breaks4
WA,294,breaks5
WA,299,breaks1
WA,299,breaks2
WA,299,breaks3
WA,299,breaks4
WA,299,breaks5
WA,300,breaks1
WA,300,breaks2
WA,300,breaks3
WA,300,breaks4
WA,300,breaks5
WA,302,breaks1
WA,302,breaks2
WA,302,breaks3
WA,302,breaks4
WA,302,breaks5
WA,307,breaks1
WA,307,breaks2
WA,307,breaks3
WA,307,breaks4
WA,307,breaks5
WA,309,breaks1
WA,309,breaks2
WA,309,breaks3
WA,309,breaks4
WA,309,breaks5
WA,313,breaks1
WA,313,breaks2
WA,313,breaks3
WA,313,breaks4
WA,313,breaks5
WA,315,breaks1
WA,315,breaks2
WA,315,breaks3
WA,315,breaks4
WA,315,breaks5
WA,333,breaks1
WA,333,breaks2
WA,333,breaks3
WA,333,breaks4
WA,333,breaks5
WA,335,breaks1
WA,335,breaks2
WA,335,breaks3
WA,335,breaks4
WA,335,breaks5
WA,345,breaks1
WA,345,breaks2
WA,345,breaks3
WA,345,breaks4
WA,345,breaks5
WA,348,breaks1
WA,348,breaks2
WA,348,breaks3
WA,348,breaks4
WA,348,breaks5
WA,353,breaks1
WA,353,breaks2
WA,353,breaks3
WA,353,breaks4
WA,353,breaks5
WA,359,breaks1
WA,359,breaks2
WA,359,breaks3
WA,359,breaks4
WA,359,breaks5
WA,365,breaks1
WA,365,breaks2
WA,365,breaks3
WA,365,breaks4
WA,365,breaks5
WA,367,breaks1
WA,367,breaks2
WA,367,breaks3
WA,367,breaks4
WA,367,breaks5
WA,369,breaks1
WA,369,breaks2
WA,369,breaks3
WA,369,breaks4
WA,369,breaks5
WA,373,breaks1
WA,373,breaks2
WA,373,breaks3
WA,373,breaks4
WA,373,breaks5
WA,374,breaks1
WA,374,breaks2
WA,374,breaks3
WA,374,breaks4
WA,374,breaks5
WA,376,breaks1
WA,376,breaks2
WA,376,breaks3
WA,376,breaks4
WA,376,breaks5
WA,379,breaks1
WA,379,breaks2
WA,379,breaks3
WA,379,breaks4
WA,379,breaks5
WA,380,breaks1
WA,380,breaks2
WA,380,breaks3
WA,380,breaks4
WA,380,breaks5
WA,393,breaks1
WA,393,breaks2
WA,393,breaks3
WA,393,breaks4
WA,393,breaks5
WA,401,breaks1
WA,401,breaks2
WA,401,breaks3
WA,401,breaks4
WA,401,breaks5
WA,410,breaks1
WA,410,breaks2
WA,410,breaks3
WA,410,breaks4
WA,410,breaks5
WA,430,breaks1
WA,430,breaks2
WA,430,breaks3
WA,430,breaks4
WA,430,breaks5
WA,435,breaks1
WA,435,breaks2
WA,435,breaks3
WA,435,breaks4
WA,435,breaks5
WA,438,breaks1
WA,438,breaks2
WA,438,breaks3
WA,438,breaks4
WA,438,breaks5
WA,441,breaks1
WA,441,breaks2
WA,441,breaks3
WA,441,breaks4
WA,441,breaks5
WA,455,breaks1
WA,455,breaks2
WA,455,breaks3
WA,455,breaks4
WA,455,breaks5
WA,470,breaks1
WA,470,breaks2
WA,470,breaks3
WA,470,breaks4
WA,470,breaks5
