State,breaks,break_end,keep,clust_n
AZ,breaks1,1991,no,60
AZ,breaks2,2000,yes,60
AZ,breaks3,2009,no,60
AZ,breaks4,2018,no,60
AZ,breaks5,2027,no,60
AZ,breaks1,1990,no,71
AZ,breaks2,1999,yes,71
AZ,breaks3,2008,yes,71
AZ,breaks4,2017,yes,71
AZ,breaks5,2026,no,71
AZ,breaks1,1991,no,94
AZ,breaks2,2000,no,94
AZ,breaks3,2009,no,94
AZ,breaks4,2018,yes,94
AZ,breaks5,2027,no,94
AZ,breaks1,1990,no,245
AZ,breaks2,1999,NA,245
AZ,breaks3,2008,yes,245
AZ,breaks4,2017,yes,245
AZ,breaks5,2026,no,245
AZ,breaks1,NA,no,306
AZ,breaks2,NA,no,306
AZ,breaks3,NA,no,306
AZ,breaks4,NA,no,306
AZ,breaks5,NA,no,306
AZ,breaks1,1986,no,336
AZ,breaks2,1995,yes,336
AZ,breaks3,2004,yes,336
AZ,breaks4,2013,no,336
AZ,breaks5,2022,no,336
AZ,breaks1,1989,no,377
AZ,breaks2,1998,no,377
AZ,breaks3,2007,no,377
AZ,breaks4,2016,yes,377
AZ,breaks5,2025,no,377
AZ,breaks1,1986,no,391
AZ,breaks2,1995,no,391
AZ,breaks3,2004,no,391
AZ,breaks4,2013,no,391
AZ,breaks5,2022,yes,391
AZ,breaks1,NA,no,400
AZ,breaks2,NA,no,400
AZ,breaks3,NA,no,400
AZ,breaks4,NA,no,400
AZ,breaks5,NA,no,400
AZ,breaks1,1982,no,436
AZ,breaks2,1991,no,436
AZ,breaks3,2000,no,436
AZ,breaks4,2009,no,436
AZ,breaks5,2018,yes,436
AZ,breaks1,1989,no,466
AZ,breaks2,1998,no,466
AZ,breaks3,2007,yes,466
AZ,breaks4,2016,yes,466
AZ,breaks5,2025,no,466
BC,breaks1,1986,no,6
BC,breaks2,1995,no,6
BC,breaks3,2004,yes,6
BC,breaks4,2013,yes,6
BC,breaks5,2022,yes,6
BC,breaks1,1986,no,7
BC,breaks2,1995,no,7
BC,breaks3,2004,yes,7
BC,breaks4,2013,yes,7
BC,breaks5,2022,yes,7
BC,breaks1,1986,no,39
BC,breaks2,1995,no,39
BC,breaks3,2004,yes,39
BC,breaks4,2013,yes,39
BC,breaks5,2022,yes,39
BC,breaks1,1986,no,85
BC,breaks2,1995,no,85
BC,breaks3,2004,yes,85
BC,breaks4,2013,yes,85
BC,breaks5,2022,yes,85
BC,breaks1,1986,no,88
BC,breaks2,1995,no,88
BC,breaks3,2004,yes,88
BC,breaks4,2013,yes,88
BC,breaks5,2022,yes,88
BC,breaks1,1986,no,113
BC,breaks2,1995,no,113
BC,breaks3,2004,no,113
BC,breaks4,2013,yes,113
BC,breaks5,2022,yes,113
BC,breaks1,1984,no,138
BC,breaks2,1993,no,138
BC,breaks3,2002,no,138
BC,breaks4,2011,yes,138
BC,breaks5,2020,yes,138
BC,breaks1,1988,no,149
BC,breaks2,1997,no,149
BC,breaks3,2006,no,149
BC,breaks4,2015,yes,149
BC,breaks5,2024,no,149
BC,breaks1,NA,no,150
BC,breaks2,NA,no,150
BC,breaks3,NA,no,150
BC,breaks4,NA,no,150
BC,breaks5,NA,no,150
BC,breaks1,1988,no,162
BC,breaks2,1997,no,162
BC,breaks3,2006,yes,162
BC,breaks4,2015,no,162
BC,breaks5,2024,yes,162
BC,breaks1,1986,no,178
BC,breaks2,1995,no,178
BC,breaks3,2004,no,178
BC,breaks4,2013,yes,178
BC,breaks5,2022,yes,178
BC,breaks1,1986,no,191
BC,breaks2,1995,no,191
BC,breaks3,2004,yes,191
BC,breaks4,2013,yes,191
BC,breaks5,2022,no,191
BC,breaks1,NA,no,200
BC,breaks2,NA,no,200
BC,breaks3,NA,no,200
BC,breaks4,NA,no,200
BC,breaks5,NA,no,200
BC,breaks1,1988,no,207
BC,breaks2,1997,no,207
BC,breaks3,2006,yes,207
BC,breaks4,2015,yes,207
BC,breaks5,2024,yes,207
BC,breaks1,1988,no,209
BC,breaks2,1997,no,209
BC,breaks3,2006,yes,209
BC,breaks4,2015,yes,209
BC,breaks5,2024,no,209
BC,breaks1,1988,no,233
BC,breaks2,1997,no,233
BC,breaks3,2006,no,233
BC,breaks4,2015,yes,233
BC,breaks5,2024,no,233
BC,breaks1,1986,no,264
BC,breaks2,1995,no,264
BC,breaks3,2004,no,264
BC,breaks4,2013,yes,264
BC,breaks5,2022,yes,264
BC,breaks1,1986,no,271
BC,breaks2,1995,no,271
BC,breaks3,2004,no,271
BC,breaks4,2013,no,271
BC,breaks5,2022,yes,271
BC,breaks1,1986,no,284
BC,breaks2,1995,no,284
BC,breaks3,2004,no,284
BC,breaks4,2013,yes,284
BC,breaks5,2022,yes,284
BC,breaks1,1988,no,301
BC,breaks2,1997,no,301
BC,breaks3,2006,no,301
BC,breaks4,2015,yes,301
BC,breaks5,2024,yes,301
BC,breaks1,1986,no,316
BC,breaks2,1995,no,316
BC,breaks3,2004,yes,316
BC,breaks4,2013,yes,316
BC,breaks5,2022,yes,316
BC,breaks1,1986,no,319
BC,breaks2,1995,no,319
BC,breaks3,2004,yes,319
BC,breaks4,2013,yes,319
BC,breaks5,2022,yes,319
BC,breaks1,1988,no,323
BC,breaks2,1997,no,323
BC,breaks3,2006,yes,323
BC,breaks4,2015,yes,323
BC,breaks5,2024,yes,323
BC,breaks1,1988,no,324
BC,breaks2,1997,no,324
BC,breaks3,2006,yes,324
BC,breaks4,2015,yes,324
BC,breaks5,2024,yes,324
BC,breaks1,NA,no,334
BC,breaks2,NA,no,334
BC,breaks3,NA,no,334
BC,breaks4,NA,no,334
BC,breaks5,NA,no,334
BC,breaks1,1986,no,340
BC,breaks2,1995,no,340
BC,breaks3,2004,yes,340
BC,breaks4,2013,yes,340
BC,breaks5,2022,yes,340
BC,breaks1,1986,no,350
BC,breaks2,1995,no,350
BC,breaks3,2004,no,350
BC,breaks4,2013,yes,350
BC,breaks5,2022,yes,350
BC,breaks1,1986,no,351
BC,breaks2,1995,no,351
BC,breaks3,2004,yes,351
BC,breaks4,2013,yes,351
BC,breaks5,2022,yes,351
BC,breaks1,1986,no,352
BC,breaks2,1995,no,352
BC,breaks3,2004,yes,352
BC,breaks4,2013,yes,352
BC,breaks5,2022,yes,352
BC,breaks1,NA,no,359
BC,breaks2,NA,no,359
BC,breaks3,NA,no,359
BC,breaks4,NA,yes,359
BC,breaks5,NA,no,359
BC,breaks1,1986,no,381
BC,breaks2,1995,no,381
BC,breaks3,2004,no,381
BC,breaks4,2013,yes,381
BC,breaks5,2022,yes,381
BC,breaks1,1986,no,408
BC,breaks2,1995,no,408
BC,breaks3,2004,no,408
BC,breaks4,2013,yes,408
BC,breaks5,2022,yes,408
BC,breaks1,1986,no,442
BC,breaks2,1995,no,442
BC,breaks3,2004,no,442
BC,breaks4,2013,yes,442
BC,breaks5,2022,yes,442
BC,breaks1,1986,no,450
BC,breaks2,1995,no,450
BC,breaks3,2004,no,450
BC,breaks4,2013,yes,450
BC,breaks5,2022,yes,450
BC,breaks1,1986,no,452
BC,breaks2,1995,no,452
BC,breaks3,2004,no,452
BC,breaks4,2013,yes,452
BC,breaks5,2022,yes,452
BC,breaks1,1988,no,458
BC,breaks2,1997,no,458
BC,breaks3,2006,no,458
BC,breaks4,2015,yes,458
BC,breaks5,2024,no,458
BC,breaks1,1988,no,461
BC,breaks2,1997,no,461
BC,breaks3,2006,yes,461
BC,breaks4,2015,yes,461
BC,breaks5,2024,yes,461
BC,breaks1,1986,no,462
BC,breaks2,1995,no,462
BC,breaks3,2004,no,462
BC,breaks4,2013,yes,462
BC,breaks5,2022,yes,462
BC,breaks1,1986,no,471
BC,breaks2,1995,no,471
BC,breaks3,2004,yes,471
BC,breaks4,2013,yes,471
BC,breaks5,2022,yes,471
BC,breaks1,1986,no,472
BC,breaks2,1995,no,472
BC,breaks3,2004,no,472
BC,breaks4,2013,yes,472
BC,breaks5,2022,yes,472
CA,breaks1,NA,NA,17
CA,breaks2,NA,NA,17
CA,breaks3,NA,NA,17
CA,breaks4,NA,NA,17
CA,breaks5,NA,NA,17
CA,breaks1,1989,yes,40
CA,breaks2,1998,yes,40
CA,breaks3,2007,yes,40
CA,breaks4,2016,yes,40
CA,breaks5,2025,no,40
CA,breaks1,1989,no,58
CA,breaks2,1998,no,58
CA,breaks3,2007,yes,58
CA,breaks4,2016,no,58
CA,breaks5,2025,no,58
CA,breaks1,1989,no,66
CA,breaks2,1998,yes,66
CA,breaks3,2007,yes,66
CA,breaks4,2016,yes,66
CA,breaks5,2025,no,66
CA,breaks1,1989,yes,69
CA,breaks2,1998,yes,69
CA,breaks3,2007,yes,69
CA,breaks4,2016,yes,69
CA,breaks5,2025,no,69
CA,breaks1,1989,yes,70
CA,breaks2,1998,yes,70
CA,breaks3,2007,yes,70
CA,breaks4,2016,no,70
CA,breaks5,2025,no,70
CA,breaks1,1989,yes,80
CA,breaks2,1998,yes,80
CA,breaks3,2007,yes,80
CA,breaks4,2016,no,80
CA,breaks5,2025,no,80
CA,breaks1,1991,no,99
CA,breaks2,2000,yes,99
CA,breaks3,2009,yes,99
CA,breaks4,2018,no,99
CA,breaks5,2027,no,99
CA,breaks1,1991,yes,100
CA,breaks2,2000,yes,100
CA,breaks3,2009,yes,100
CA,breaks4,2018,no,100
CA,breaks5,2027,no,100
CA,breaks1,1991,yes,103
CA,breaks2,2000,yes,103
CA,breaks3,2009,yes,103
CA,breaks4,2018,no,103
CA,breaks5,2027,no,103
CA,breaks1,1989,yes,107
CA,breaks2,1998,yes,107
CA,breaks3,2007,yes,107
CA,breaks4,2016,no,107
CA,breaks5,2025,no,107
CA,breaks1,1989,no,153
CA,breaks2,1998,no,153
CA,breaks3,2007,yes,153
CA,breaks4,2016,yes,153
CA,breaks5,2025,no,153
CA,breaks1,1989,no,163
CA,breaks2,1998,no,163
CA,breaks3,2007,yes,163
CA,breaks4,2016,no,163
CA,breaks5,2025,no,163
CA,breaks1,1991,no,177
CA,breaks2,2000,yes,177
CA,breaks3,2009,yes,177
CA,breaks4,2018,yes,177
CA,breaks5,2027,no,177
CA,breaks1,1991,no,181
CA,breaks2,2000,yes,181
CA,breaks3,2009,yes,181
CA,breaks4,2018,yes,181
CA,breaks5,2027,no,181
CA,breaks1,1989,no,198
CA,breaks2,1998,yes,198
CA,breaks3,2007,yes,198
CA,breaks4,2016,no,198
CA,breaks5,2025,no,198
CA,breaks1,1991,yes,199
CA,breaks2,2000,yes,199
CA,breaks3,2009,yes,199
CA,breaks4,2018,no,199
CA,breaks5,2027,no,199
CA,breaks1,1989,no,201
CA,breaks2,1998,no,201
CA,breaks3,2007,yes,201
CA,breaks4,2016,yes,201
CA,breaks5,2025,no,201
CA,breaks1,1989,yes,217
CA,breaks2,1998,yes,217
CA,breaks3,2007,yes,217
CA,breaks4,2016,no,217
CA,breaks5,2025,no,217
CA,breaks1,1989,yes,218
CA,breaks2,1998,yes,218
CA,breaks3,2007,no,218
CA,breaks4,2016,yes,218
CA,breaks5,2025,yes,218
CA,breaks1,NA,no,224
CA,breaks2,NA,no,224
CA,breaks3,NA,no,224
CA,breaks4,NA,no,224
CA,breaks5,NA,no,224
CA,breaks1,1991,yes,241
CA,breaks2,2000,yes,241
CA,breaks3,2009,yes,241
CA,breaks4,2018,yes,241
CA,breaks5,2027,no,241
CA,breaks1,1991,no,249
CA,breaks2,2000,no,249
CA,breaks3,2009,yes,249
CA,breaks4,2018,yes,249
CA,breaks5,2027,no,249
CA,breaks1,1989,yes,255
CA,breaks2,1998,yes,255
CA,breaks3,2007,yes,255
CA,breaks4,2016,no,255
CA,breaks5,2025,no,255
CA,breaks1,1989,no,273
CA,breaks2,1998,no,273
CA,breaks3,2007,yes,273
CA,breaks4,2016,no,273
CA,breaks5,2025,no,273
CA,breaks1,1989,no,276
CA,breaks2,1998,no,276
CA,breaks3,2007,no,276
CA,breaks4,2016,yes,276
CA,breaks5,2025,no,276
CA,breaks1,1991,no,305
CA,breaks2,2000,yes,305
CA,breaks3,2009,yes,305
CA,breaks4,2018,no,305
CA,breaks5,2027,no,305
CA,breaks1,1989,yes,310
CA,breaks2,1998,yes,310
CA,breaks3,2007,yes,310
CA,breaks4,2016,yes,310
CA,breaks5,2025,no,310
CA,breaks1,1989,no,311
CA,breaks2,1998,no,311
CA,breaks3,2007,yes,311
CA,breaks4,2016,no,311
CA,breaks5,2025,no,311
CA,breaks1,1989,no,320
CA,breaks2,1998,yes,320
CA,breaks3,2007,yes,320
CA,breaks4,2016,no,320
CA,breaks5,2025,no,320
CA,breaks1,1989,no,321
CA,breaks2,1998,yes,321
CA,breaks3,2007,yes,321
CA,breaks4,2016,no,321
CA,breaks5,2025,no,321
CA,breaks1,1989,yes,322
CA,breaks2,1998,yes,322
CA,breaks3,2007,yes,322
CA,breaks4,2016,no,322
CA,breaks5,2025,no,322
CA,breaks1,1989,no,337
CA,breaks2,1998,no,337
CA,breaks3,2007,yes,337
CA,breaks4,2016,yes,337
CA,breaks5,2025,no,337
CA,breaks1,1985,yes,339
CA,breaks2,1994,yes,339
CA,breaks3,2003,yes,339
CA,breaks4,2012,no,339
CA,breaks5,2021,no,339
CA,breaks1,1989,no,346
CA,breaks2,1998,yes,346
CA,breaks3,2007,yes,346
CA,breaks4,2016,no,346
CA,breaks5,2025,no,346
CA,breaks1,1984,no,362
CA,breaks2,1993,yes,362
CA,breaks3,2002,yes,362
CA,breaks4,2011,no,362
CA,breaks5,2020,no,362
CA,breaks1,1991,yes,363
CA,breaks2,2000,yes,363
CA,breaks3,2009,yes,363
CA,breaks4,2018,yes,363
CA,breaks5,2027,no,363
CA,breaks1,1981,no,383
CA,breaks2,1990,no,383
CA,breaks3,1999,yes,383
CA,breaks4,2008,yes,383
CA,breaks5,2017,no,383
CA,breaks1,1991,no,389
CA,breaks2,2000,yes,389
CA,breaks3,2009,yes,389
CA,breaks4,2018,yes,389
CA,breaks5,2027,no,389
CA,breaks1,1989,yes,394
CA,breaks2,1998,yes,394
CA,breaks3,2007,yes,394
CA,breaks4,2016,yes,394
CA,breaks5,2025,no,394
CA,breaks1,1989,no,402
CA,breaks2,1998,yes,402
CA,breaks3,2007,yes,402
CA,breaks4,2016,yes,402
CA,breaks5,2025,no,402
CA,breaks1,1991,yes,405
CA,breaks2,2000,yes,405
CA,breaks3,2009,yes,405
CA,breaks4,2018,yes,405
CA,breaks5,2027,no,405
CA,breaks1,1989,no,406
CA,breaks2,1998,no,406
CA,breaks3,2007,yes,406
CA,breaks4,2016,no,406
CA,breaks5,2025,no,406
CA,breaks1,NA,no,409
CA,breaks2,NA,no,409
CA,breaks3,NA,no,409
CA,breaks4,NA,no,409
CA,breaks5,NA,no,409
CA,breaks1,1991,no,417
CA,breaks2,2000,yes,417
CA,breaks3,2009,yes,417
CA,breaks4,2018,no,417
CA,breaks5,2027,no,417
CA,breaks1,1989,yes,433
CA,breaks2,1998,yes,433
CA,breaks3,2007,no,433
CA,breaks4,2016,no,433
CA,breaks5,2025,no,433
CA,breaks1,1991,no,444
CA,breaks2,2000,yes,444
CA,breaks3,2009,yes,444
CA,breaks4,2018,yes,444
CA,breaks5,2027,no,444
CA,breaks1,1989,yes,453
CA,breaks2,1998,yes,453
CA,breaks3,2007,yes,453
CA,breaks4,2016,no,453
CA,breaks5,2025,no,453
CA,breaks1,1989,no,463
CA,breaks2,1998,no,463
CA,breaks3,2007,yes,463
CA,breaks4,2016,no,463
CA,breaks5,2025,no,463
CO,breaks1,1984,no,116
CO,breaks2,1993,yes,116
CO,breaks3,2002,yes,116
CO,breaks4,2011,yes,116
CO,breaks5,2020,no,116
CO,breaks1,1984,no,204
CO,breaks2,1993,yes,204
CO,breaks3,2002,yes,204
CO,breaks4,2011,yes,204
CO,breaks5,2020,yes,204
CO,breaks1,NA,no,214
CO,breaks2,NA,no,214
CO,breaks3,NA,no,214
CO,breaks4,NA,no,214
CO,breaks5,NA,no,214
CO,breaks1,NA,no,285
CO,breaks2,NA,no,285
CO,breaks3,NA,no,285
CO,breaks4,NA,no,285
CO,breaks5,NA,no,285
CO,breaks1,1984,no,298
CO,breaks2,1993,yes,298
CO,breaks3,2002,yes,298
CO,breaks4,2011,yes,298
CO,breaks5,2020,no,298
CO,breaks1,1984,no,413
CO,breaks2,1993,yes,413
CO,breaks3,2002,no,413
CO,breaks4,2011,no,413
CO,breaks5,2020,no,413
CO,breaks1,NA,no,427
CO,breaks2,NA,no,427
CO,breaks3,NA,no,427
CO,breaks4,NA,no,427
CO,breaks5,NA,no,427
CO,breaks1,NA,no,431
CO,breaks2,NA,no,431
CO,breaks3,NA,no,431
CO,breaks4,NA,no,431
CO,breaks5,NA,no,431
CO,breaks1,NA,no,445
CO,breaks2,NA,no,445
CO,breaks3,NA,no,445
CO,breaks4,NA,no,445
CO,breaks5,NA,no,445
CO,breaks1,NA,no,446
CO,breaks2,NA,no,446
CO,breaks3,NA,no,446
CO,breaks4,NA,no,446
CO,breaks5,NA,no,446
CO,breaks1,NA,no,457
CO,breaks2,NA,no,457
CO,breaks3,NA,no,457
CO,breaks4,NA,no,457
CO,breaks5,NA,no,457
ID,breaks1,1988,yes,1
ID,breaks2,1997,yes,1
ID,breaks3,2006,yes,1
ID,breaks4,2015,yes,1
ID,breaks5,2024,yes,1
ID,breaks1,1987,yes,2
ID,breaks2,1996,yes,2
ID,breaks3,2005,yes,2
ID,breaks4,2014,yes,2
ID,breaks5,2023,yes,2
ID,breaks1,1987,yes,3
ID,breaks2,1996,yes,3
ID,breaks3,2005,yes,3
ID,breaks4,2014,yes,3
ID,breaks5,2023,yes,3
ID,breaks1,1987,no,12
ID,breaks2,1996,no,12
ID,breaks3,2005,yes,12
ID,breaks4,2014,yes,12
ID,breaks5,2023,yes,12
ID,breaks1,1987,no,13
ID,breaks2,1996,no,13
ID,breaks3,2005,yes,13
ID,breaks4,2014,yes,13
ID,breaks5,2023,yes,13
ID,breaks1,1987,yes,18
ID,breaks2,1996,yes,18
ID,breaks3,2005,yes,18
ID,breaks4,2014,yes,18
ID,breaks5,2023,yes,18
ID,breaks1,1987,yes,19
ID,breaks2,1996,yes,19
ID,breaks3,2005,yes,19
ID,breaks4,2014,yes,19
ID,breaks5,2023,yes,19
ID,breaks1,1987,yes,20
ID,breaks2,1996,yes,20
ID,breaks3,2005,yes,20
ID,breaks4,2014,yes,20
ID,breaks5,2023,yes,20
ID,breaks1,1987,yes,21
ID,breaks2,1996,yes,21
ID,breaks3,2005,yes,21
ID,breaks4,2014,yes,21
ID,breaks5,2023,yes,21
ID,breaks1,1987,yes,27
ID,breaks2,1996,yes,27
ID,breaks3,2005,yes,27
ID,breaks4,2014,yes,27
ID,breaks5,2023,yes,27
ID,breaks1,1987,yes,28
ID,breaks2,1996,yes,28
ID,breaks3,2005,yes,28
ID,breaks4,2014,no,28
ID,breaks5,2023,yes,28
ID,breaks1,1987,no,42
ID,breaks2,1996,no,42
ID,breaks3,2005,no,42
ID,breaks4,2014,no,42
ID,breaks5,2023,yes,42
ID,breaks1,1987,yes,44
ID,breaks2,1996,yes,44
ID,breaks3,2005,yes,44
ID,breaks4,2014,no,44
ID,breaks5,2023,no,44
ID,breaks1,1987,no,47
ID,breaks2,1996,no,47
ID,breaks3,2005,yes,47
ID,breaks4,2014,yes,47
ID,breaks5,2023,yes,47
ID,breaks1,1987,no,48
ID,breaks2,1996,yes,48
ID,breaks3,2005,yes,48
ID,breaks4,2014,no,48
ID,breaks5,2023,yes,48
ID,breaks1,1987,no,50
ID,breaks2,1996,yes,50
ID,breaks3,2005,yes,50
ID,breaks4,2014,no,50
ID,breaks5,2023,yes,50
ID,breaks1,1987,yes,74
ID,breaks2,1996,yes,74
ID,breaks3,2005,yes,74
ID,breaks4,2014,yes,74
ID,breaks5,2023,yes,74
ID,breaks1,1987,no,75
ID,breaks2,1996,no,75
ID,breaks3,2005,yes,75
ID,breaks4,2014,yes,75
ID,breaks5,2023,yes,75
ID,breaks1,1987,yes,76
ID,breaks2,1996,no,76
ID,breaks3,2005,no,76
ID,breaks4,2014,yes,76
ID,breaks5,2023,yes,76
ID,breaks1,1987,no,81
ID,breaks2,1996,yes,81
ID,breaks3,2005,yes,81
ID,breaks4,2014,no,81
ID,breaks5,2023,no,81
ID,breaks1,1987,no,82
ID,breaks2,1996,yes,82
ID,breaks3,2005,yes,82
ID,breaks4,2014,no,82
ID,breaks5,2023,no,82
ID,breaks1,1987,yes,83
ID,breaks2,1996,yes,83
ID,breaks3,2005,yes,83
ID,breaks4,2014,yes,83
ID,breaks5,2023,yes,83
ID,breaks1,1987,no,87
ID,breaks2,1996,yes,87
ID,breaks3,2005,yes,87
ID,breaks4,2014,no,87
ID,breaks5,2023,yes,87
ID,breaks1,1987,yes,91
ID,breaks2,1996,yes,91
ID,breaks3,2005,yes,91
ID,breaks4,2014,yes,91
ID,breaks5,2023,yes,91
ID,breaks1,1987,no,93
ID,breaks2,1996,yes,93
ID,breaks3,2005,yes,93
ID,breaks4,2014,yes,93
ID,breaks5,2023,yes,93
ID,breaks1,1987,yes,95
ID,breaks2,1996,yes,95
ID,breaks3,2005,yes,95
ID,breaks4,2014,no,95
ID,breaks5,2023,no,95
ID,breaks1,1987,no,115
ID,breaks2,1996,no,115
ID,breaks3,2005,no,115
ID,breaks4,2014,yes,115
ID,breaks5,2023,yes,115
ID,breaks1,1987,no,117
ID,breaks2,1996,no,117
ID,breaks3,2005,no,117
ID,breaks4,2014,no,117
ID,breaks5,2023,yes,117
ID,breaks1,1987,no,124
ID,breaks2,1996,no,124
ID,breaks3,2005,yes,124
ID,breaks4,2014,yes,124
ID,breaks5,2023,yes,124
ID,breaks1,1987,no,142
ID,breaks2,1996,yes,142
ID,breaks3,2005,yes,142
ID,breaks4,2014,no,142
ID,breaks5,2023,no,142
ID,breaks1,1987,no,143
ID,breaks2,1996,yes,143
ID,breaks3,2005,yes,143
ID,breaks4,2014,yes,143
ID,breaks5,2023,yes,143
ID,breaks1,1987,yes,164
ID,breaks2,1996,no,164
ID,breaks3,2005,no,164
ID,breaks4,2014,no,164
ID,breaks5,2023,no,164
ID,breaks1,1987,no,176
ID,breaks2,1996,no,176
ID,breaks3,2005,no,176
ID,breaks4,2014,no,176
ID,breaks5,2023,yes,176
ID,breaks1,1987,no,183
ID,breaks2,1996,no,183
ID,breaks3,2005,no,183
ID,breaks4,2014,no,183
ID,breaks5,2023,yes,183
ID,breaks1,1987,no,187
ID,breaks2,1996,yes,187
ID,breaks3,2005,yes,187
ID,breaks4,2014,no,187
ID,breaks5,2023,no,187
ID,breaks1,1987,no,193
ID,breaks2,1996,no,193
ID,breaks3,2005,yes,193
ID,breaks4,2014,yes,193
ID,breaks5,2023,yes,193
ID,breaks1,1987,yes,196
ID,breaks2,1996,yes,196
ID,breaks3,2005,yes,196
ID,breaks4,2014,yes,196
ID,breaks5,2023,yes,196
ID,breaks1,1987,no,202
ID,breaks2,1996,no,202
ID,breaks3,2005,yes,202
ID,breaks4,2014,yes,202
ID,breaks5,2023,yes,202
ID,breaks1,1987,no,216
ID,breaks2,1996,no,216
ID,breaks3,2005,yes,216
ID,breaks4,2014,yes,216
ID,breaks5,2023,yes,216
ID,breaks1,1987,yes,227
ID,breaks2,1996,no,227
ID,breaks3,2005,no,227
ID,breaks4,2014,no,227
ID,breaks5,2023,no,227
ID,breaks1,1987,no,236
ID,breaks2,1996,no,236
ID,breaks3,2005,yes,236
ID,breaks4,2014,yes,236
ID,breaks5,2023,yes,236
ID,breaks1,1987,yes,237
ID,breaks2,1996,no,237
ID,breaks3,2005,no,237
ID,breaks4,2014,no,237
ID,breaks5,2023,yes,237
ID,breaks1,1987,no,238
ID,breaks2,1996,no,238
ID,breaks3,2005,no,238
ID,breaks4,2014,yes,238
ID,breaks5,2023,yes,238
ID,breaks1,1987,yes,239
ID,breaks2,1996,yes,239
ID,breaks3,2005,yes,239
ID,breaks4,2014,no,239
ID,breaks5,2023,yes,239
ID,breaks1,1987,no,240
ID,breaks2,1996,no,240
ID,breaks3,2005,no,240
ID,breaks4,2014,no,240
ID,breaks5,2023,yes,240
ID,breaks1,1987,yes,252
ID,breaks2,1996,yes,252
ID,breaks3,2005,no,252
ID,breaks4,2014,no,252
ID,breaks5,2023,no,252
ID,breaks1,1987,yes,261
ID,breaks2,1996,yes,261
ID,breaks3,2005,yes,261
ID,breaks4,2014,no,261
ID,breaks5,2023,no,261
ID,breaks1,1987,no,266
ID,breaks2,1996,no,266
ID,breaks3,2005,yes,266
ID,breaks4,2014,yes,266
ID,breaks5,2023,yes,266
ID,breaks1,1987,no,267
ID,breaks2,1996,no,267
ID,breaks3,2005,no,267
ID,breaks4,2014,no,267
ID,breaks5,2023,yes,267
ID,breaks1,1987,no,286
ID,breaks2,1996,yes,286
ID,breaks3,2005,yes,286
ID,breaks4,2014,no,286
ID,breaks5,2023,no,286
ID,breaks1,1987,yes,297
ID,breaks2,1996,yes,297
ID,breaks3,2005,yes,297
ID,breaks4,2014,no,297
ID,breaks5,2023,no,297
ID,breaks1,1987,no,303
ID,breaks2,1996,yes,303
ID,breaks3,2005,yes,303
ID,breaks4,2014,no,303
ID,breaks5,2023,yes,303
ID,breaks1,1987,no,314
ID,breaks2,1996,no,314
ID,breaks3,2005,no,314
ID,breaks4,2014,yes,314
ID,breaks5,2023,yes,314
ID,breaks1,1987,no,317
ID,breaks2,1996,no,317
ID,breaks3,2005,yes,317
ID,breaks4,2014,yes,317
ID,breaks5,2023,yes,317
ID,breaks1,NA,no,318
ID,breaks2,NA,no,318
ID,breaks3,NA,no,318
ID,breaks4,NA,no,318
ID,breaks5,NA,no,318
ID,breaks1,1987,no,329
ID,breaks2,1996,yes,329
ID,breaks3,2005,yes,329
ID,breaks4,2014,no,329
ID,breaks5,2023,no,329
ID,breaks1,1987,no,332
ID,breaks2,1996,no,332
ID,breaks3,2005,no,332
ID,breaks4,2014,no,332
ID,breaks5,2023,yes,332
ID,breaks1,1987,yes,349
ID,breaks2,1996,yes,349
ID,breaks3,2005,yes,349
ID,breaks4,2014,yes,349
ID,breaks5,2023,yes,349
ID,breaks1,1987,yes,364
ID,breaks2,1996,yes,364
ID,breaks3,2005,no,364
ID,breaks4,2014,no,364
ID,breaks5,2023,yes,364
ID,breaks1,1987,no,366
ID,breaks2,1996,yes,366
ID,breaks3,2005,yes,366
ID,breaks4,2014,no,366
ID,breaks5,2023,no,366
ID,breaks1,1987,yes,385
ID,breaks2,1996,yes,385
ID,breaks3,2005,yes,385
ID,breaks4,2014,no,385
ID,breaks5,2023,yes,385
ID,breaks1,1987,yes,387
ID,breaks2,1996,yes,387
ID,breaks3,2005,yes,387
ID,breaks4,2014,yes,387
ID,breaks5,2023,yes,387
ID,breaks1,1987,no,414
ID,breaks2,1996,yes,414
ID,breaks3,2005,yes,414
ID,breaks4,2014,no,414
ID,breaks5,2023,no,414
ID,breaks1,1987,yes,418
ID,breaks2,1996,no,418
ID,breaks3,2005,no,418
ID,breaks4,2014,no,418
ID,breaks5,2023,yes,418
ID,breaks1,1987,no,419
ID,breaks2,1996,yes,419
ID,breaks3,2005,yes,419
ID,breaks4,2014,no,419
ID,breaks5,2023,no,419
ID,breaks1,NA,no,428
ID,breaks2,NA,no,428
ID,breaks3,NA,no,428
ID,breaks4,NA,no,428
ID,breaks5,NA,NA,428
ID,breaks1,1987,no,434
ID,breaks2,1996,yes,434
ID,breaks3,2005,yes,434
ID,breaks4,2014,no,434
ID,breaks5,2023,no,434
ID,breaks1,1987,yes,437
ID,breaks2,1996,yes,437
ID,breaks3,2005,yes,437
ID,breaks4,2014,no,437
ID,breaks5,2023,yes,437
ID,breaks1,1987,yes,439
ID,breaks2,1996,yes,439
ID,breaks3,2005,yes,439
ID,breaks4,2014,yes,439
ID,breaks5,2023,yes,439
ID,breaks1,1987,no,443
ID,breaks2,1996,no,443
ID,breaks3,2005,no,443
ID,breaks4,2014,yes,443
ID,breaks5,2023,yes,443
ID,breaks1,1987,no,459
ID,breaks2,1996,no,459
ID,breaks3,2005,no,459
ID,breaks4,2014,yes,459
ID,breaks5,2023,yes,459
ID,breaks1,1987,no,473
ID,breaks2,1996,no,473
ID,breaks3,2005,no,473
ID,breaks4,2014,no,473
ID,breaks5,2023,yes,473
MT,breaks1,1989,yes,35
MT,breaks2,1998,yes,35
MT,breaks3,2007,yes,35
MT,breaks4,2016,no,35
MT,breaks5,2025,no,35
MT,breaks1,1989,yes,56
MT,breaks2,1998,yes,56
MT,breaks3,2007,yes,56
MT,breaks4,2016,no,56
MT,breaks5,2025,no,56
MT,breaks1,1989,yes,118
MT,breaks2,1998,yes,118
MT,breaks3,2007,yes,118
MT,breaks4,2016,no,118
MT,breaks5,2025,no,118
MT,breaks1,1989,yes,120
MT,breaks2,1998,yes,120
MT,breaks3,2007,yes,120
MT,breaks4,2016,no,120
MT,breaks5,2025,no,120
MT,breaks1,1989,yes,140
MT,breaks2,1998,yes,140
MT,breaks3,2007,yes,140
MT,breaks4,2016,no,140
MT,breaks5,2025,no,140
MT,breaks1,1989,yes,180
MT,breaks2,1998,yes,180
MT,breaks3,2007,yes,180
MT,breaks4,2016,no,180
MT,breaks5,2025,no,180
MT,breaks1,1989,yes,221
MT,breaks2,1998,yes,221
MT,breaks3,2007,yes,221
MT,breaks4,2016,no,221
MT,breaks5,2025,no,221
MT,breaks1,1989,yes,234
MT,breaks2,1998,yes,234
MT,breaks3,2007,yes,234
MT,breaks4,2016,no,234
MT,breaks5,2025,no,234
MT,breaks1,1989,yes,278
MT,breaks2,1998,yes,278
MT,breaks3,2007,yes,278
MT,breaks4,2016,no,278
MT,breaks5,2025,no,278
MT,breaks1,1989,yes,288
MT,breaks2,1998,yes,288
MT,breaks3,2007,yes,288
MT,breaks4,2016,no,288
MT,breaks5,2025,no,288
MT,breaks1,1989,yes,361
MT,breaks2,1998,yes,361
MT,breaks3,2007,yes,361
MT,breaks4,2016,no,361
MT,breaks5,2025,no,361
MT,breaks1,1989,yes,407
MT,breaks2,1998,yes,407
MT,breaks3,2007,yes,407
MT,breaks4,2016,no,407
MT,breaks5,2025,no,407
MT,breaks1,1989,yes,412
MT,breaks2,1998,yes,412
MT,breaks3,2007,yes,412
MT,breaks4,2016,no,412
MT,breaks5,2025,no,412
MT,breaks1,1989,yes,415
MT,breaks2,1998,yes,415
MT,breaks3,2007,yes,415
MT,breaks4,2016,no,415
MT,breaks5,2025,no,415
MT,breaks1,1989,yes,416
MT,breaks2,1998,yes,416
MT,breaks3,2007,yes,416
MT,breaks4,2016,no,416
MT,breaks5,2025,no,416
MT,breaks1,NA,no,429
MT,breaks2,NA,no,429
MT,breaks3,NA,no,429
MT,breaks4,NA,no,429
MT,breaks5,NA,no,429
NM,breaks1,1990,no,4
NM,breaks2,1999,no,4
NM,breaks3,2008,yes,4
NM,breaks4,2017,yes,4
NM,breaks5,2026,no,4
NM,breaks1,1990,no,32
NM,breaks2,1999,no,32
NM,breaks3,2008,no,32
NM,breaks4,2017,yes,32
NM,breaks5,2026,no,32
NM,breaks1,NA,no,33
NM,breaks2,NA,no,33
NM,breaks3,NA,no,33
NM,breaks4,NA,no,33
NM,breaks5,NA,no,33
NM,breaks1,1989,no,53
NM,breaks2,1998,no,53
NM,breaks3,2007,yes,53
NM,breaks4,2016,yes,53
NM,breaks5,2025,no,53
NM,breaks1,1989,no,54
NM,breaks2,1998,no,54
NM,breaks3,2007,yes,54
NM,breaks4,2016,yes,54
NM,breaks5,2025,no,54
NM,breaks1,NA,no,114
NM,breaks2,NA,no,114
NM,breaks3,NA,no,114
NM,breaks4,NA,no,114
NM,breaks5,NA,no,114
NM,breaks1,NA,no,272
NM,breaks2,NA,no,272
NM,breaks3,NA,no,272
NM,breaks4,NA,no,272
NM,breaks5,NA,no,272
NM,breaks1,NA,no,360
NM,breaks2,NA,no,360
NM,breaks3,NA,no,360
NM,breaks4,NA,no,360
NM,breaks5,NA,no,360
NM,breaks1,NA,no,432
NM,breaks2,NA,no,432
NM,breaks3,NA,no,432
NM,breaks4,NA,no,432
NM,breaks5,NA,no,432
NM,breaks1,NA,no,465
NM,breaks2,NA,no,465
NM,breaks3,NA,no,465
NM,breaks4,NA,no,465
NM,breaks5,NA,no,465
NV,breaks1,NA,no,110
NV,breaks2,NA,no,110
NV,breaks3,NA,no,110
NV,breaks4,NA,no,110
NV,breaks5,NA,no,110
NV,breaks1,NA,no,275
NV,breaks2,NA,no,275
NV,breaks3,NA,no,275
NV,breaks4,NA,no,275
NV,breaks5,NA,no,275
NV,breaks1,NA,no,331
NV,breaks2,NA,no,331
NV,breaks3,NA,no,331
NV,breaks4,NA,no,331
NV,breaks5,NA,no,331
NV,breaks1,NA,no,384
NV,breaks2,NA,no,384
NV,breaks3,NA,no,384
NV,breaks4,NA,no,384
NV,breaks5,NA,no,384
NV,breaks1,NA,no,399
NV,breaks2,NA,no,399
NV,breaks3,NA,no,399
NV,breaks4,NA,no,399
NV,breaks5,NA,no,399
NV,breaks1,1983,no,460
NV,breaks2,1992,no,460
NV,breaks3,2001,yes,460
NV,breaks4,2010,no,460
NV,breaks5,2019,no,460
OR,breaks1,1986,no,16
OR,breaks2,1995,yes,16
OR,breaks3,2004,yes,16
OR,breaks4,2013,yes,16
OR,breaks5,2022,yes,16
OR,breaks1,1986,yes,23
OR,breaks2,1995,yes,23
OR,breaks3,2004,yes,23
OR,breaks4,2013,yes,23
OR,breaks5,2022,yes,23
OR,breaks1,1986,yes,24
OR,breaks2,1995,yes,24
OR,breaks3,2004,yes,24
OR,breaks4,2013,no,24
OR,breaks5,2022,no,24
OR,breaks1,1986,yes,30
OR,breaks2,1995,no,30
OR,breaks3,2004,no,30
OR,breaks4,2013,no,30
OR,breaks5,2022,no,30
OR,breaks1,1987,yes,31
OR,breaks2,1996,yes,31
OR,breaks3,2005,yes,31
OR,breaks4,2014,yes,31
OR,breaks5,2023,yes,31
OR,breaks1,NA,no,36
OR,breaks2,NA,no,36
OR,breaks3,NA,no,36
OR,breaks4,NA,no,36
OR,breaks5,NA,no,36
OR,breaks1,1986,yes,37
OR,breaks2,1995,yes,37
OR,breaks3,2004,yes,37
OR,breaks4,2013,yes,37
OR,breaks5,2022,yes,37
OR,breaks1,1986,yes,38
OR,breaks2,1995,yes,38
OR,breaks3,2004,yes,38
OR,breaks4,2013,yes,38
OR,breaks5,2022,yes,38
OR,breaks1,1986,no,43
OR,breaks2,1995,yes,43
OR,breaks3,2004,yes,43
OR,breaks4,2013,yes,43
OR,breaks5,2022,yes,43
OR,breaks1,1985,yes,45
OR,breaks2,1994,yes,45
OR,breaks3,2003,yes,45
OR,breaks4,2012,yes,45
OR,breaks5,2021,yes,45
OR,breaks1,1986,no,49
OR,breaks2,1995,yes,49
OR,breaks3,2004,yes,49
OR,breaks4,2013,yes,49
OR,breaks5,2022,yes,49
OR,breaks1,NA,no,51
OR,breaks2,NA,no,51
OR,breaks3,NA,no,51
OR,breaks4,NA,no,51
OR,breaks5,NA,no,51
OR,breaks1,1986,yes,52
OR,breaks2,1995,yes,52
OR,breaks3,2004,yes,52
OR,breaks4,2013,yes,52
OR,breaks5,2022,yes,52
OR,breaks1,NA,no,59
OR,breaks2,NA,no,59
OR,breaks3,NA,no,59
OR,breaks4,NA,no,59
OR,breaks5,NA,no,59
OR,breaks1,1985,yes,65
OR,breaks2,1994,yes,65
OR,breaks3,2003,yes,65
OR,breaks4,2012,yes,65
OR,breaks5,2021,yes,65
OR,breaks1,1987,no,67
OR,breaks2,1996,no,67
OR,breaks3,2005,yes,67
OR,breaks4,2014,yes,67
OR,breaks5,2023,no,67
OR,breaks1,NA,no,73
OR,breaks2,NA,no,73
OR,breaks3,NA,no,73
OR,breaks4,NA,no,73
OR,breaks5,NA,no,73
OR,breaks1,1986,yes,77
OR,breaks2,1995,yes,77
OR,breaks3,2004,yes,77
OR,breaks4,2013,yes,77
OR,breaks5,2022,yes,77
OR,breaks1,1986,yes,78
OR,breaks2,1995,yes,78
OR,breaks3,2004,yes,78
OR,breaks4,2013,yes,78
OR,breaks5,2022,yes,78
OR,breaks1,1986,yes,79
OR,breaks2,1995,yes,79
OR,breaks3,2004,yes,79
OR,breaks4,2013,yes,79
OR,breaks5,2022,yes,79
OR,breaks1,1986,yes,86
OR,breaks2,1995,yes,86
OR,breaks3,2004,yes,86
OR,breaks4,2013,yes,86
OR,breaks5,2022,yes,86
OR,breaks1,1986,yes,92
OR,breaks2,1995,yes,92
OR,breaks3,2004,yes,92
OR,breaks4,2013,yes,92
OR,breaks5,2022,yes,92
OR,breaks1,1986,yes,96
OR,breaks2,1995,yes,96
OR,breaks3,2004,yes,96
OR,breaks4,2013,yes,96
OR,breaks5,2022,yes,96
OR,breaks1,1986,yes,97
OR,breaks2,1995,yes,97
OR,breaks3,2004,yes,97
OR,breaks4,2013,yes,97
OR,breaks5,2022,no,97
OR,breaks1,1985,yes,101
OR,breaks2,1994,yes,101
OR,breaks3,2003,yes,101
OR,breaks4,2012,yes,101
OR,breaks5,2021,yes,101
OR,breaks1,1987,yes,102
OR,breaks2,1996,yes,102
OR,breaks3,2005,yes,102
OR,breaks4,2014,yes,102
OR,breaks5,2023,yes,102
OR,breaks1,1986,yes,105
OR,breaks2,1995,yes,105
OR,breaks3,2004,yes,105
OR,breaks4,2013,yes,105
OR,breaks5,2022,yes,105
OR,breaks1,1986,no,108
OR,breaks2,1995,yes,108
OR,breaks3,2004,yes,108
OR,breaks4,2013,yes,108
OR,breaks5,2022,yes,108
OR,breaks1,1987,yes,109
OR,breaks2,1996,yes,109
OR,breaks3,2005,yes,109
OR,breaks4,2014,yes,109
OR,breaks5,2023,yes,109
OR,breaks1,1986,yes,112
OR,breaks2,1995,yes,112
OR,breaks3,2004,yes,112
OR,breaks4,2013,no,112
OR,breaks5,2022,no,112
OR,breaks1,1986,yes,125
OR,breaks2,1995,yes,125
OR,breaks3,2004,yes,125
OR,breaks4,2013,yes,125
OR,breaks5,2022,yes,125
OR,breaks1,1986,yes,126
OR,breaks2,1995,yes,126
OR,breaks3,2004,yes,126
OR,breaks4,2013,yes,126
OR,breaks5,2022,yes,126
OR,breaks1,1986,yes,127
OR,breaks2,1995,yes,127
OR,breaks3,2004,yes,127
OR,breaks4,2013,yes,127
OR,breaks5,2022,no,127
OR,breaks1,1986,yes,128
OR,breaks2,1995,yes,128
OR,breaks3,2004,yes,128
OR,breaks4,2013,yes,128
OR,breaks5,2022,no,128
OR,breaks1,1986,yes,129
OR,breaks2,1995,yes,129
OR,breaks3,2004,yes,129
OR,breaks4,2013,yes,129
OR,breaks5,2022,yes,129
OR,breaks1,NA,no,132
OR,breaks2,NA,no,132
OR,breaks3,NA,no,132
OR,breaks4,NA,no,132
OR,breaks5,NA,no,132
OR,breaks1,NA,no,133
OR,breaks2,NA,no,133
OR,breaks3,NA,no,133
OR,breaks4,NA,no,133
OR,breaks5,NA,no,133
OR,breaks1,NA,no,134
OR,breaks2,NA,no,134
OR,breaks3,NA,no,134
OR,breaks4,NA,no,134
OR,breaks5,NA,no,134
OR,breaks1,NA,no,135
OR,breaks2,NA,no,135
OR,breaks3,NA,no,135
OR,breaks4,NA,no,135
OR,breaks5,NA,no,135
OR,breaks1,1981,no,136
OR,breaks2,1990,yes,136
OR,breaks3,1999,no,136
OR,breaks4,2008,no,136
OR,breaks5,2017,no,136
OR,breaks1,1981,no,137
OR,breaks2,1990,yes,137
OR,breaks3,1999,no,137
OR,breaks4,2008,no,137
OR,breaks5,2017,no,137
OR,breaks1,1984,no,141
OR,breaks2,1993,no,141
OR,breaks3,2002,yes,141
OR,breaks4,2011,yes,141
OR,breaks5,2020,yes,141
OR,breaks1,1986,yes,144
OR,breaks2,1995,yes,144
OR,breaks3,2004,yes,144
OR,breaks4,2013,yes,144
OR,breaks5,2022,yes,144
OR,breaks1,1986,yes,145
OR,breaks2,1995,yes,145
OR,breaks3,2004,yes,145
OR,breaks4,2013,yes,145
OR,breaks5,2022,yes,145
OR,breaks1,1986,yes,146
OR,breaks2,1995,yes,146
OR,breaks3,2004,yes,146
OR,breaks4,2013,yes,146
OR,breaks5,2022,yes,146
OR,breaks1,1985,yes,147
OR,breaks2,1994,yes,147
OR,breaks3,2003,yes,147
OR,breaks4,2012,yes,147
OR,breaks5,2021,yes,147
OR,breaks1,1986,yes,148
OR,breaks2,1995,yes,148
OR,breaks3,2004,yes,148
OR,breaks4,2013,yes,148
OR,breaks5,2022,yes,148
OR,breaks1,1986,no,151
OR,breaks2,1995,yes,151
OR,breaks3,2004,yes,151
OR,breaks4,2013,yes,151
OR,breaks5,2022,yes,151
OR,breaks1,1986,yes,152
OR,breaks2,1995,yes,152
OR,breaks3,2004,yes,152
OR,breaks4,2013,yes,152
OR,breaks5,2022,yes,152
OR,breaks1,1986,yes,160
OR,breaks2,1995,yes,160
OR,breaks3,2004,yes,160
OR,breaks4,2013,yes,160
OR,breaks5,2022,yes,160
OR,breaks1,1986,no,165
OR,breaks2,1995,no,165
OR,breaks3,2004,yes,165
OR,breaks4,2013,yes,165
OR,breaks5,2022,yes,165
OR,breaks1,1985,yes,169
OR,breaks2,1994,yes,169
OR,breaks3,2003,yes,169
OR,breaks4,2012,yes,169
OR,breaks5,2021,yes,169
OR,breaks1,1985,yes,171
OR,breaks2,1994,yes,171
OR,breaks3,2003,yes,171
OR,breaks4,2012,yes,171
OR,breaks5,2021,yes,171
OR,breaks1,1986,yes,172
OR,breaks2,1995,yes,172
OR,breaks3,2004,yes,172
OR,breaks4,2013,yes,172
OR,breaks5,2022,yes,172
OR,breaks1,1981,no,174
OR,breaks2,1990,yes,174
OR,breaks3,1999,no,174
OR,breaks4,2008,no,174
OR,breaks5,2017,no,174
OR,breaks1,NA,no,175
OR,breaks2,NA,no,175
OR,breaks3,NA,no,175
OR,breaks4,NA,no,175
OR,breaks5,NA,no,175
OR,breaks1,1985,yes,188
OR,breaks2,1994,yes,188
OR,breaks3,2003,yes,188
OR,breaks4,2012,yes,188
OR,breaks5,2021,yes,188
OR,breaks1,1985,yes,189
OR,breaks2,1994,yes,189
OR,breaks3,2003,no,189
OR,breaks4,2012,no,189
OR,breaks5,2021,no,189
OR,breaks1,NA,no,190
OR,breaks2,NA,no,190
OR,breaks3,NA,no,190
OR,breaks4,NA,no,190
OR,breaks5,NA,no,190
OR,breaks1,NA,no,211
OR,breaks2,NA,no,211
OR,breaks3,NA,no,211
OR,breaks4,NA,no,211
OR,breaks5,NA,no,211
OR,breaks1,1985,no,215
OR,breaks2,1994,no,215
OR,breaks3,2003,yes,215
OR,breaks4,2012,yes,215
OR,breaks5,2021,yes,215
OR,breaks1,1985,no,222
OR,breaks2,1994,yes,222
OR,breaks3,2003,yes,222
OR,breaks4,2012,yes,222
OR,breaks5,2021,yes,222
OR,breaks1,1986,yes,223
OR,breaks2,1995,yes,223
OR,breaks3,2004,yes,223
OR,breaks4,2013,yes,223
OR,breaks5,2022,yes,223
OR,breaks1,1989,yes,224
OR,breaks2,1998,yes,224
OR,breaks3,2007,yes,224
OR,breaks4,2016,yes,224
OR,breaks5,2025,no,224
OR,breaks1,1981,no,225
OR,breaks2,1990,no,225
OR,breaks3,1999,no,225
OR,breaks4,2008,yes,225
OR,breaks5,2017,yes,225
OR,breaks1,1986,yes,229
OR,breaks2,1995,yes,229
OR,breaks3,2004,yes,229
OR,breaks4,2013,yes,229
OR,breaks5,2022,yes,229
OR,breaks1,1986,yes,235
OR,breaks2,1995,yes,235
OR,breaks3,2004,yes,235
OR,breaks4,2013,yes,235
OR,breaks5,2022,yes,235
OR,breaks1,1985,yes,242
OR,breaks2,1994,yes,242
OR,breaks3,2003,yes,242
OR,breaks4,2012,yes,242
OR,breaks5,2021,yes,242
OR,breaks1,1985,yes,244
OR,breaks2,1994,yes,244
OR,breaks3,2003,yes,244
OR,breaks4,2012,yes,244
OR,breaks5,2021,yes,244
OR,breaks1,NA,no,247
OR,breaks2,NA,no,247
OR,breaks3,NA,no,247
OR,breaks4,NA,no,247
OR,breaks5,NA,no,247
OR,breaks1,1986,yes,250
OR,breaks2,1995,yes,250
OR,breaks3,2004,no,250
OR,breaks4,2013,no,250
OR,breaks5,2022,no,250
OR,breaks1,NA,no,251
OR,breaks2,NA,no,251
OR,breaks3,NA,no,251
OR,breaks4,NA,no,251
OR,breaks5,NA,no,251
OR,breaks1,1985,yes,253
OR,breaks2,1994,yes,253
OR,breaks3,2003,yes,253
OR,breaks4,2012,yes,253
OR,breaks5,2021,yes,253
OR,breaks1,1985,yes,254
OR,breaks2,1994,yes,254
OR,breaks3,2003,yes,254
OR,breaks4,2012,yes,254
OR,breaks5,2021,yes,254
OR,breaks1,1985,yes,256
OR,breaks2,1994,yes,256
OR,breaks3,2003,yes,256
OR,breaks4,2012,yes,256
OR,breaks5,2021,yes,256
OR,breaks1,1986,yes,257
OR,breaks2,1995,yes,257
OR,breaks3,2004,yes,257
OR,breaks4,2013,yes,257
OR,breaks5,2022,yes,257
OR,breaks1,1985,no,259
OR,breaks2,1994,yes,259
OR,breaks3,2003,yes,259
OR,breaks4,2012,yes,259
OR,breaks5,2021,yes,259
OR,breaks1,NA,no,265
OR,breaks2,NA,no,265
OR,breaks3,NA,no,265
OR,breaks4,NA,no,265
OR,breaks5,NA,no,265
OR,breaks1,1985,yes,268
OR,breaks2,1994,yes,268
OR,breaks3,2003,yes,268
OR,breaks4,2012,yes,268
OR,breaks5,2021,yes,268
OR,breaks1,1986,yes,269
OR,breaks2,1995,yes,269
OR,breaks3,2004,yes,269
OR,breaks4,2013,yes,269
OR,breaks5,2022,no,269
OR,breaks1,1986,yes,270
OR,breaks2,1995,yes,270
OR,breaks3,2004,no,270
OR,breaks4,2013,no,270
OR,breaks5,2022,no,270
OR,breaks1,1986,yes,280
OR,breaks2,1995,no,280
OR,breaks3,2004,no,280
OR,breaks4,2013,no,280
OR,breaks5,2022,no,280
OR,breaks1,1986,no,282
OR,breaks2,1995,no,282
OR,breaks3,2004,yes,282
OR,breaks4,2013,yes,282
OR,breaks5,2022,yes,282
OR,breaks1,1986,yes,283
OR,breaks2,1995,yes,283
OR,breaks3,2004,yes,283
OR,breaks4,2013,yes,283
OR,breaks5,2022,yes,283
OR,breaks1,1986,yes,289
OR,breaks2,1995,no,289
OR,breaks3,2004,yes,289
OR,breaks4,2013,yes,289
OR,breaks5,2022,no,289
OR,breaks1,1986,no,290
OR,breaks2,1995,yes,290
OR,breaks3,2004,yes,290
OR,breaks4,2013,yes,290
OR,breaks5,2022,no,290
OR,breaks1,1986,yes,292
OR,breaks2,1995,yes,292
OR,breaks3,2004,yes,292
OR,breaks4,2013,yes,292
OR,breaks5,2022,yes,292
OR,breaks1,1986,yes,375
OR,breaks2,1995,yes,375
OR,breaks3,2004,yes,375
OR,breaks4,2013,yes,375
OR,breaks5,2022,yes,375
OR,breaks1,1986,yes,279
OR,breaks2,1995,yes,279
OR,breaks3,2004,yes,279
OR,breaks4,2013,yes,279
OR,breaks5,2022,yes,279
OR,breaks1,1986,yes,295
OR,breaks2,1995,yes,295
OR,breaks3,2004,yes,295
OR,breaks4,2013,yes,295
OR,breaks5,2022,yes,295
OR,breaks1,1986,yes,296
OR,breaks2,1995,yes,296
OR,breaks3,2004,yes,296
OR,breaks4,2013,no,296
OR,breaks5,2022,yes,296
OR,breaks1,NA,no,304
OR,breaks2,NA,no,304
OR,breaks3,NA,no,304
OR,breaks4,NA,no,304
OR,breaks5,NA,no,304
OR,breaks1,1986,yes,308
OR,breaks2,1995,yes,308
OR,breaks3,2004,yes,308
OR,breaks4,2013,yes,308
OR,breaks5,2022,yes,308
OR,breaks1,1986,yes,312
OR,breaks2,1995,yes,312
OR,breaks3,2004,yes,312
OR,breaks4,2013,yes,312
OR,breaks5,2022,yes,312
OR,breaks1,1986,yes,325
OR,breaks2,1995,yes,325
OR,breaks3,2004,yes,325
OR,breaks4,2013,yes,325
OR,breaks5,2022,yes,325
OR,breaks1,1986,yes,326
OR,breaks2,1995,yes,326
OR,breaks3,2004,yes,326
OR,breaks4,2013,yes,326
OR,breaks5,2022,yes,326
OR,breaks1,1986,yes,327
OR,breaks2,1995,no,327
OR,breaks3,2004,no,327
OR,breaks4,2013,no,327
OR,breaks5,2022,no,327
OR,breaks1,1986,yes,328
OR,breaks2,1995,yes,328
OR,breaks3,2004,yes,328
OR,breaks4,2013,yes,328
OR,breaks5,2022,yes,328
OR,breaks1,1982,no,330
OR,breaks2,1991,yes,330
OR,breaks3,2000,yes,330
OR,breaks4,2009,yes,330
OR,breaks5,2018,no,330
OR,breaks1,1986,no,338
OR,breaks2,1995,yes,338
OR,breaks3,2004,yes,338
OR,breaks4,2013,yes,338
OR,breaks5,2022,yes,338
OR,breaks1,1986,yes,341
OR,breaks2,1995,yes,341
OR,breaks3,2004,yes,341
OR,breaks4,2013,yes,341
OR,breaks5,2022,yes,341
OR,breaks1,1986,yes,342
OR,breaks2,1995,yes,342
OR,breaks3,2004,yes,342
OR,breaks4,2013,yes,342
OR,breaks5,2022,yes,342
OR,breaks1,1986,yes,343
OR,breaks2,1995,yes,343
OR,breaks3,2004,yes,343
OR,breaks4,2013,yes,343
OR,breaks5,2022,yes,343
OR,breaks1,1986,yes,344
OR,breaks2,1995,yes,344
OR,breaks3,2004,yes,344
OR,breaks4,2013,yes,344
OR,breaks5,2022,yes,344
OR,breaks1,1986,yes,347
OR,breaks2,1995,yes,347
OR,breaks3,2004,yes,347
OR,breaks4,2013,yes,347
OR,breaks5,2022,yes,347
OR,breaks1,NA,no,354
OR,breaks2,NA,no,354
OR,breaks3,NA,no,354
OR,breaks4,NA,no,354
OR,breaks5,NA,no,354
OR,breaks1,1986,yes,355
OR,breaks2,1995,no,355
OR,breaks3,2004,no,355
OR,breaks4,2013,no,355
OR,breaks5,2022,no,355
OR,breaks1,1986,yes,356
OR,breaks2,1995,no,356
OR,breaks3,2004,no,356
OR,breaks4,2013,no,356
OR,breaks5,2022,no,356
OR,breaks1,1986,yes,357
OR,breaks2,1995,yes,357
OR,breaks3,2004,yes,357
OR,breaks4,2013,yes,357
OR,breaks5,2022,yes,357
OR,breaks1,NA,no,358
OR,breaks2,NA,no,358
OR,breaks3,NA,no,358
OR,breaks4,NA,no,358
OR,breaks5,NA,no,358
OR,breaks1,1986,yes,368
OR,breaks2,1995,yes,368
OR,breaks3,2004,yes,368
OR,breaks4,2013,yes,368
OR,breaks5,2022,yes,368
OR,breaks1,1986,no,370
OR,breaks2,1995,yes,370
OR,breaks3,2004,yes,370
OR,breaks4,2013,yes,370
OR,breaks5,2022,yes,370
OR,breaks1,1986,no,371
OR,breaks2,1995,no,371
OR,breaks3,2004,yes,371
OR,breaks4,2013,yes,371
OR,breaks5,2022,yes,371
OR,breaks1,1986,no,372
OR,breaks2,1995,no,372
OR,breaks3,2004,no,372
OR,breaks4,2013,yes,372
OR,breaks5,2022,yes,372
OR,breaks1,1986,no,378
OR,breaks2,1995,yes,378
OR,breaks3,2004,yes,378
OR,breaks4,2013,yes,378
OR,breaks5,2022,yes,378
OR,breaks1,1986,no,382
OR,breaks2,1995,yes,382
OR,breaks3,2004,yes,382
OR,breaks4,2013,yes,382
OR,breaks5,2022,yes,382
OR,breaks1,1986,yes,386
OR,breaks2,1995,yes,386
OR,breaks3,2004,yes,386
OR,breaks4,2013,yes,386
OR,breaks5,2022,yes,386
OR,breaks1,1986,yes,388
OR,breaks2,1995,yes,388
OR,breaks3,2004,yes,388
OR,breaks4,2013,yes,388
OR,breaks5,2022,yes,388
OR,breaks1,1986,yes,390
OR,breaks2,1995,yes,390
OR,breaks3,2004,yes,390
OR,breaks4,2013,yes,390
OR,breaks5,2022,yes,390
OR,breaks1,1986,yes,392
OR,breaks2,1995,no,392
OR,breaks3,2004,no,392
OR,breaks4,2013,no,392
OR,breaks5,2022,no,392
OR,breaks1,1986,yes,395
OR,breaks2,1995,yes,395
OR,breaks3,2004,yes,395
OR,breaks4,2013,yes,395
OR,breaks5,2022,yes,395
OR,breaks1,1986,yes,396
OR,breaks2,1995,yes,396
OR,breaks3,2004,yes,396
OR,breaks4,2013,yes,396
OR,breaks5,2022,yes,396
OR,breaks1,1986,yes,397
OR,breaks2,1995,yes,397
OR,breaks3,2004,yes,397
OR,breaks4,2013,yes,397
OR,breaks5,2022,yes,397
OR,breaks1,1986,yes,398
OR,breaks2,1995,no,398
OR,breaks3,2004,no,398
OR,breaks4,2013,no,398
OR,breaks5,2022,no,398
OR,breaks1,1988,yes,403
OR,breaks2,1997,yes,403
OR,breaks3,2006,yes,403
OR,breaks4,2015,yes,403
OR,breaks5,2024,yes,403
OR,breaks1,1986,yes,404
OR,breaks2,1995,yes,404
OR,breaks3,2004,yes,404
OR,breaks4,2013,yes,404
OR,breaks5,2022,yes,404
OR,breaks1,NA,no,411
OR,breaks2,NA,no,411
OR,breaks3,NA,no,411
OR,breaks4,NA,no,411
OR,breaks5,NA,no,411
OR,breaks1,1986,yes,420
OR,breaks2,1995,yes,420
OR,breaks3,2004,yes,420
OR,breaks4,2013,yes,420
OR,breaks5,2022,yes,420
OR,breaks1,1986,yes,421
OR,breaks2,1995,yes,421
OR,breaks3,2004,yes,421
OR,breaks4,2013,yes,421
OR,breaks5,2022,yes,421
OR,breaks1,1986,yes,422
OR,breaks2,1995,yes,422
OR,breaks3,2004,yes,422
OR,breaks4,2013,no,422
OR,breaks5,2022,no,422
OR,breaks1,1986,yes,423
OR,breaks2,1995,yes,423
OR,breaks3,2004,yes,423
OR,breaks4,2013,yes,423
OR,breaks5,2022,yes,423
OR,breaks1,NA,no,424
OR,breaks2,NA,no,424
OR,breaks3,NA,no,424
OR,breaks4,NA,no,424
OR,breaks5,NA,no,424
OR,breaks1,NA,no,425
OR,breaks2,NA,no,425
OR,breaks3,NA,no,425
OR,breaks4,NA,no,425
OR,breaks5,NA,no,425
OR,breaks1,NA,no,426
OR,breaks2,NA,no,426
OR,breaks3,NA,no,426
OR,breaks4,NA,no,426
OR,breaks5,NA,no,426
OR,breaks1,NA,no,440
OR,breaks2,NA,no,440
OR,breaks3,NA,no,440
OR,breaks4,NA,no,440
OR,breaks5,NA,no,440
OR,breaks1,NA,no,447
OR,breaks2,NA,no,447
OR,breaks3,NA,no,447
OR,breaks4,NA,no,447
OR,breaks5,NA,no,447
OR,breaks1,NA,no,448
OR,breaks2,NA,no,448
OR,breaks3,NA,no,448
OR,breaks4,NA,no,448
OR,breaks5,NA,no,448
OR,breaks1,NA,no,449
OR,breaks2,NA,no,449
OR,breaks3,NA,no,449
OR,breaks4,NA,no,449
OR,breaks5,NA,no,449
OR,breaks1,NA,no,451
OR,breaks2,NA,no,451
OR,breaks3,NA,no,451
OR,breaks4,NA,no,451
OR,breaks5,NA,no,451
OR,breaks1,1986,yes,454
OR,breaks2,1995,yes,454
OR,breaks3,2004,no,454
OR,breaks4,2013,yes,454
OR,breaks5,2022,no,454
OR,breaks1,1986,yes,456
OR,breaks2,1995,yes,456
OR,breaks3,2004,yes,456
OR,breaks4,2013,yes,456
OR,breaks5,2022,yes,456
OR,breaks1,1986,yes,464
OR,breaks2,1995,yes,464
OR,breaks3,2004,yes,464
OR,breaks4,2013,yes,464
OR,breaks5,2022,no,464
OR,breaks1,1986,yes,467
OR,breaks2,1995,yes,467
OR,breaks3,2004,yes,467
OR,breaks4,2013,yes,467
OR,breaks5,2022,yes,467
OR,breaks1,NA,no,468
OR,breaks2,NA,no,468
OR,breaks3,NA,no,468
OR,breaks4,NA,no,468
OR,breaks5,NA,no,468
OR,breaks1,NA,no,469
OR,breaks2,NA,no,469
OR,breaks3,NA,no,469
OR,breaks4,NA,no,469
OR,breaks5,NA,no,469
OR,breaks1,NA,no,474
OR,breaks2,NA,no,474
OR,breaks3,NA,no,474
OR,breaks4,NA,no,474
OR,breaks5,NA,no,474
OR,breaks1,NA,no,475
OR,breaks2,NA,no,475
OR,breaks3,NA,no,475
OR,breaks4,NA,no,475
OR,breaks5,NA,no,475
OR,breaks1,NA,no,476
OR,breaks2,NA,no,476
OR,breaks3,NA,no,476
OR,breaks4,NA,no,476
OR,breaks5,NA,no,476
UT,breaks1,NA,no,55
UT,breaks2,NA,no,55
UT,breaks3,NA,no,55
UT,breaks4,NA,no,55
UT,breaks5,NA,no,55
UT,breaks1,NA,no,104
UT,breaks2,NA,no,104
UT,breaks3,NA,no,104
UT,breaks4,NA,no,104
UT,breaks5,NA,no,104
WA,breaks1,NA,no,3
WA,breaks2,NA,no,3
WA,breaks3,NA,yes,3
WA,breaks4,NA,yes,3
WA,breaks5,NA,yes,3
WA,breaks1,NA,no,5
WA,breaks2,NA,no,5
WA,breaks3,NA,no,5
WA,breaks4,NA,no,5
WA,breaks5,NA,no,5
WA,breaks1,1986,no,8
WA,breaks2,1995,yes,8
WA,breaks3,2004,yes,8
WA,breaks4,2013,yes,8
WA,breaks5,2022,yes,8
WA,breaks1,1984,yes,9
WA,breaks2,1993,yes,9
WA,breaks3,2002,yes,9
WA,breaks4,2011,yes,9
WA,breaks5,2020,yes,9
WA,breaks1,1986,no,10
WA,breaks2,1995,yes,10
WA,breaks3,2004,yes,10
WA,breaks4,2013,yes,10
WA,breaks5,2022,yes,10
WA,breaks1,1986,yes,11
WA,breaks2,1995,yes,11
WA,breaks3,2004,yes,11
WA,breaks4,2013,yes,11
WA,breaks5,2022,yes,11
WA,breaks1,1986,yes,14
WA,breaks2,1995,yes,14
WA,breaks3,2004,yes,14
WA,breaks4,2013,yes,14
WA,breaks5,2022,no,14
WA,breaks1,1984,no,15
WA,breaks2,1993,yes,15
WA,breaks3,2002,yes,15
WA,breaks4,2011,yes,15
WA,breaks5,2020,yes,15
WA,breaks1,1986,yes,22
WA,breaks2,1995,yes,22
WA,breaks3,2004,yes,22
WA,breaks4,2013,yes,22
WA,breaks5,2022,yes,22
WA,breaks1,1986,yes,25
WA,breaks2,1995,yes,25
WA,breaks3,2004,yes,25
WA,breaks4,2013,yes,25
WA,breaks5,2022,yes,25
WA,breaks1,1986,yes,26
WA,breaks2,1995,yes,26
WA,breaks3,2004,yes,26
WA,breaks4,2013,yes,26
WA,breaks5,2022,yes,26
WA,breaks1,1986,yes,29
WA,breaks2,1995,yes,29
WA,breaks3,2004,yes,29
WA,breaks4,2013,yes,29
WA,breaks5,2022,yes,29
WA,breaks1,1986,yes,34
WA,breaks2,1995,yes,34
WA,breaks3,2004,yes,34
WA,breaks4,2013,yes,34
WA,breaks5,2022,yes,34
WA,breaks1,1986,yes,41
WA,breaks2,1995,yes,41
WA,breaks3,2004,yes,41
WA,breaks4,2013,yes,41
WA,breaks5,2022,yes,41
WA,breaks1,1986,yes,46
WA,breaks2,1995,yes,46
WA,breaks3,2004,yes,46
WA,breaks4,2013,yes,46
WA,breaks5,2022,yes,46
WA,breaks1,1986,yes,57
WA,breaks2,1995,yes,57
WA,breaks3,2004,yes,57
WA,breaks4,2013,yes,57
WA,breaks5,2022,yes,57
WA,breaks1,1986,yes,61
WA,breaks2,1995,yes,61
WA,breaks3,2004,yes,61
WA,breaks4,2013,yes,61
WA,breaks5,2022,yes,61
WA,breaks1,1986,yes,62
WA,breaks2,1995,yes,62
WA,breaks3,2004,yes,62
WA,breaks4,2013,yes,62
WA,breaks5,2022,yes,62
WA,breaks1,1986,yes,63
WA,breaks2,1995,yes,63
WA,breaks3,2004,yes,63
WA,breaks4,2013,yes,63
WA,breaks5,2022,yes,63
WA,breaks1,1986,yes,64
WA,breaks2,1995,yes,64
WA,breaks3,2004,yes,64
WA,breaks4,2013,yes,64
WA,breaks5,2022,yes,64
WA,breaks1,1986,no,68
WA,breaks2,1995,no,68
WA,breaks3,2004,yes,68
WA,breaks4,2013,yes,68
WA,breaks5,2022,no,68
WA,breaks1,1986,no,72
WA,breaks2,1995,yes,72
WA,breaks3,2004,yes,72
WA,breaks4,2013,yes,72
WA,breaks5,2022,yes,72
WA,breaks1,1986,yes,84
WA,breaks2,1995,yes,84
WA,breaks3,2004,yes,84
WA,breaks4,2013,yes,84
WA,breaks5,2022,yes,84
WA,breaks1,1986,yes,89
WA,breaks2,1995,yes,89
WA,breaks3,2004,yes,89
WA,breaks4,2013,yes,89
WA,breaks5,2022,yes,89
WA,breaks1,1986,yes,90
WA,breaks2,1995,yes,90
WA,breaks3,2004,yes,90
WA,breaks4,2013,yes,90
WA,breaks5,2022,yes,90
WA,breaks1,1986,no,98
WA,breaks2,1995,yes,98
WA,breaks3,2004,yes,98
WA,breaks4,2013,yes,98
WA,breaks5,2022,yes,98
WA,breaks1,1986,yes,106
WA,breaks2,1995,yes,106
WA,breaks3,2004,yes,106
WA,breaks4,2013,yes,106
WA,breaks5,2022,yes,106
WA,breaks1,1986,yes,111
WA,breaks2,1995,yes,111
WA,breaks3,2004,yes,111
WA,breaks4,2013,yes,111
WA,breaks5,2022,yes,111
WA,breaks1,1986,no,119
WA,breaks2,1995,no,119
WA,breaks3,2004,yes,119
WA,breaks4,2013,yes,119
WA,breaks5,2022,yes,119
WA,breaks1,1986,yes,121
WA,breaks2,1995,yes,121
WA,breaks3,2004,yes,121
WA,breaks4,2013,yes,121
WA,breaks5,2022,yes,121
WA,breaks1,1986,no,122
WA,breaks2,1995,no,122
WA,breaks3,2004,yes,122
WA,breaks4,2013,yes,122
WA,breaks5,2022,yes,122
WA,breaks1,1986,yes,123
WA,breaks2,1995,yes,123
WA,breaks3,2004,yes,123
WA,breaks4,2013,yes,123
WA,breaks5,2022,yes,123
WA,breaks1,1986,yes,130
WA,breaks2,1995,yes,130
WA,breaks3,2004,yes,130
WA,breaks4,2013,yes,130
WA,breaks5,2022,yes,130
WA,breaks1,1986,yes,131
WA,breaks2,1995,yes,131
WA,breaks3,2004,yes,131
WA,breaks4,2013,yes,131
WA,breaks5,2022,yes,131
WA,breaks1,1986,yes,139
WA,breaks2,1995,yes,139
WA,breaks3,2004,yes,139
WA,breaks4,2013,yes,139
WA,breaks5,2022,yes,139
WA,breaks1,1986,yes,150
WA,breaks2,1995,yes,150
WA,breaks3,2004,yes,150
WA,breaks4,2013,yes,150
WA,breaks5,2022,yes,150
WA,breaks1,1984,no,154
WA,breaks2,1993,yes,154
WA,breaks3,2002,yes,154
WA,breaks4,2011,yes,154
WA,breaks5,2020,yes,154
WA,breaks1,1986,yes,155
WA,breaks2,1995,yes,155
WA,breaks3,2004,yes,155
WA,breaks4,2013,yes,155
WA,breaks5,2022,yes,155
WA,breaks1,1986,yes,156
WA,breaks2,1995,yes,156
WA,breaks3,2004,yes,156
WA,breaks4,2013,yes,156
WA,breaks5,2022,yes,156
WA,breaks1,1986,yes,157
WA,breaks2,1995,yes,157
WA,breaks3,2004,yes,157
WA,breaks4,2013,yes,157
WA,breaks5,2022,yes,157
WA,breaks1,1986,no,158
WA,breaks2,1995,yes,158
WA,breaks3,2004,yes,158
WA,breaks4,2013,yes,158
WA,breaks5,2022,yes,158
WA,breaks1,1986,yes,159
WA,breaks2,1995,yes,159
WA,breaks3,2004,yes,159
WA,breaks4,2013,yes,159
WA,breaks5,2022,yes,159
WA,breaks1,1986,no,161
WA,breaks2,1995,yes,161
WA,breaks3,2004,yes,161
WA,breaks4,2013,yes,161
WA,breaks5,2022,yes,161
WA,breaks1,1986,yes,166
WA,breaks2,1995,yes,166
WA,breaks3,2004,yes,166
WA,breaks4,2013,yes,166
WA,breaks5,2022,yes,166
WA,breaks1,1986,yes,167
WA,breaks2,1995,yes,167
WA,breaks3,2004,yes,167
WA,breaks4,2013,yes,167
WA,breaks5,2022,yes,167
WA,breaks1,1986,yes,168
WA,breaks2,1995,no,168
WA,breaks3,2004,no,168
WA,breaks4,2013,no,168
WA,breaks5,2022,no,168
WA,breaks1,1986,yes,170
WA,breaks2,1995,yes,170
WA,breaks3,2004,yes,170
WA,breaks4,2013,yes,170
WA,breaks5,2022,yes,170
WA,breaks1,1984,no,173
WA,breaks2,1993,no,173
WA,breaks3,2002,no,173
WA,breaks4,2011,yes,173
WA,breaks5,2020,yes,173
WA,breaks1,1986,yes,179
WA,breaks2,1995,yes,179
WA,breaks3,2004,yes,179
WA,breaks4,2013,no,179
WA,breaks5,2022,no,179
WA,breaks1,1986,yes,182
WA,breaks2,1995,yes,182
WA,breaks3,2004,yes,182
WA,breaks4,2013,yes,182
WA,breaks5,2022,yes,182
WA,breaks1,1986,no,184
WA,breaks2,1995,no,184
WA,breaks3,2004,yes,184
WA,breaks4,2013,yes,184
WA,breaks5,2022,yes,184
WA,breaks1,1986,yes,185
WA,breaks2,1995,yes,185
WA,breaks3,2004,yes,185
WA,breaks4,2013,yes,185
WA,breaks5,2022,yes,185
WA,breaks1,1986,no,186
WA,breaks2,1995,no,186
WA,breaks3,2004,yes,186
WA,breaks4,2013,yes,186
WA,breaks5,2022,yes,186
WA,breaks1,1986,yes,192
WA,breaks2,1995,yes,192
WA,breaks3,2004,yes,192
WA,breaks4,2013,yes,192
WA,breaks5,2022,yes,192
WA,breaks1,1988,no,194
WA,breaks2,1997,no,194
WA,breaks3,2006,yes,194
WA,breaks4,2015,yes,194
WA,breaks5,2024,yes,194
WA,breaks1,1986,yes,195
WA,breaks2,1995,yes,195
WA,breaks3,2004,yes,195
WA,breaks4,2013,yes,195
WA,breaks5,2022,yes,195
WA,breaks1,1986,yes,197
WA,breaks2,1995,yes,197
WA,breaks3,2004,yes,197
WA,breaks4,2013,yes,197
WA,breaks5,2022,yes,197
WA,breaks1,1986,no,200
WA,breaks2,1995,no,200
WA,breaks3,2004,yes,200
WA,breaks4,2013,yes,200
WA,breaks5,2022,yes,200
WA,breaks1,1986,yes,203
WA,breaks2,1995,yes,203
WA,breaks3,2004,yes,203
WA,breaks4,2013,yes,203
WA,breaks5,2022,yes,203
WA,breaks1,1986,yes,205
WA,breaks2,1995,yes,205
WA,breaks3,2004,yes,205
WA,breaks4,2013,yes,205
WA,breaks5,2022,yes,205
WA,breaks1,1986,yes,206
WA,breaks2,1995,yes,206
WA,breaks3,2004,yes,206
WA,breaks4,2013,yes,206
WA,breaks5,2022,yes,206
WA,breaks1,1986,yes,208
WA,breaks2,1995,yes,208
WA,breaks3,2004,yes,208
WA,breaks4,2013,yes,208
WA,breaks5,2022,yes,208
WA,breaks1,1986,yes,210
WA,breaks2,1995,yes,210
WA,breaks3,2004,yes,210
WA,breaks4,2013,yes,210
WA,breaks5,2022,yes,210
WA,breaks1,1986,no,212
WA,breaks2,1995,no,212
WA,breaks3,2004,no,212
WA,breaks4,2013,no,212
WA,breaks5,2022,yes,212
WA,breaks1,1986,yes,213
WA,breaks2,1995,yes,213
WA,breaks3,2004,yes,213
WA,breaks4,2013,no,213
WA,breaks5,2022,no,213
WA,breaks1,1986,yes,219
WA,breaks2,1995,yes,219
WA,breaks3,2004,yes,219
WA,breaks4,2013,yes,219
WA,breaks5,2022,yes,219
WA,breaks1,1986,yes,220
WA,breaks2,1995,yes,220
WA,breaks3,2004,yes,220
WA,breaks4,2013,yes,220
WA,breaks5,2022,yes,220
WA,breaks1,1986,no,226
WA,breaks2,1995,no,226
WA,breaks3,2004,yes,226
WA,breaks4,2013,yes,226
WA,breaks5,2022,yes,226
WA,breaks1,1986,yes,228
WA,breaks2,1995,yes,228
WA,breaks3,2004,yes,228
WA,breaks4,2013,yes,228
WA,breaks5,2022,yes,228
WA,breaks1,1986,no,230
WA,breaks2,1995,yes,230
WA,breaks3,2004,yes,230
WA,breaks4,2013,yes,230
WA,breaks5,2022,yes,230
WA,breaks1,1986,yes,231
WA,breaks2,1995,yes,231
WA,breaks3,2004,yes,231
WA,breaks4,2013,yes,231
WA,breaks5,2022,yes,231
WA,breaks1,1986,yes,232
WA,breaks2,1995,yes,232
WA,breaks3,2004,yes,232
WA,breaks4,2013,yes,232
WA,breaks5,2022,yes,232
WA,breaks1,1986,no,243
WA,breaks2,1995,no,243
WA,breaks3,2004,no,243
WA,breaks4,2013,yes,243
WA,breaks5,2022,yes,243
WA,breaks1,1986,no,246
WA,breaks2,1995,no,246
WA,breaks3,2004,no,246
WA,breaks4,2013,yes,246
WA,breaks5,2022,yes,246
WA,breaks1,1986,yes,248
WA,breaks2,1995,yes,248
WA,breaks3,2004,yes,248
WA,breaks4,2013,yes,248
WA,breaks5,2022,yes,248
WA,breaks1,1986,no,258
WA,breaks2,1995,no,258
WA,breaks3,2004,yes,258
WA,breaks4,2013,yes,258
WA,breaks5,2022,yes,258
WA,breaks1,1986,no,260
WA,breaks2,1995,no,260
WA,breaks3,2004,yes,260
WA,breaks4,2013,yes,260
WA,breaks5,2022,no,260
WA,breaks1,1986,no,262
WA,breaks2,1995,yes,262
WA,breaks3,2004,yes,262
WA,breaks4,2013,yes,262
WA,breaks5,2022,yes,262
WA,breaks1,1986,yes,263
WA,breaks2,1995,yes,263
WA,breaks3,2004,yes,263
WA,breaks4,2013,yes,263
WA,breaks5,2022,yes,263
WA,breaks1,1986,no,274
WA,breaks2,1995,yes,274
WA,breaks3,2004,yes,274
WA,breaks4,2013,yes,274
WA,breaks5,2022,yes,274
WA,breaks1,1986,yes,277
WA,breaks2,1995,yes,277
WA,breaks3,2004,yes,277
WA,breaks4,2013,yes,277
WA,breaks5,2022,yes,277
WA,breaks1,1986,no,281
WA,breaks2,1995,yes,281
WA,breaks3,2004,yes,281
WA,breaks4,2013,yes,281
WA,breaks5,2022,yes,281
WA,breaks1,1986,yes,287
WA,breaks2,1995,no,287
WA,breaks3,2004,no,287
WA,breaks4,2013,no,287
WA,breaks5,2022,no,287
WA,breaks1,1986,no,291
WA,breaks2,1995,no,291
WA,breaks3,2004,yes,291
WA,breaks4,2013,yes,291
WA,breaks5,2022,yes,291
WA,breaks1,1983,no,293
WA,breaks2,1992,yes,293
WA,breaks3,2001,yes,293
WA,breaks4,2010,yes,293
WA,breaks5,2019,yes,293
WA,breaks1,1986,yes,294
WA,breaks2,1995,yes,294
WA,breaks3,2004,yes,294
WA,breaks4,2013,yes,294
WA,breaks5,2022,yes,294
WA,breaks1,1986,yes,299
WA,breaks2,1995,yes,299
WA,breaks3,2004,yes,299
WA,breaks4,2013,yes,299
WA,breaks5,2022,yes,299
WA,breaks1,1986,yes,300
WA,breaks2,1995,no,300
WA,breaks3,2004,no,300
WA,breaks4,2013,no,300
WA,breaks5,2022,no,300
WA,breaks1,1986,no,302
WA,breaks2,1995,no,302
WA,breaks3,2004,yes,302
WA,breaks4,2013,yes,302
WA,breaks5,2022,yes,302
WA,breaks1,1986,yes,307
WA,breaks2,1995,no,307
WA,breaks3,2004,no,307
WA,breaks4,2013,no,307
WA,breaks5,2022,no,307
WA,breaks1,1986,yes,309
WA,breaks2,1995,yes,309
WA,breaks3,2004,yes,309
WA,breaks4,2013,yes,309
WA,breaks5,2022,yes,309
WA,breaks1,1986,yes,313
WA,breaks2,1995,yes,313
WA,breaks3,2004,yes,313
WA,breaks4,2013,yes,313
WA,breaks5,2022,yes,313
WA,breaks1,1986,yes,315
WA,breaks2,1995,yes,315
WA,breaks3,2004,yes,315
WA,breaks4,2013,yes,315
WA,breaks5,2022,yes,315
WA,breaks1,NA,no,333
WA,breaks2,NA,no,333
WA,breaks3,NA,no,333
WA,breaks4,NA,no,333
WA,breaks5,NA,no,333
WA,breaks1,1984,no,335
WA,breaks2,1993,yes,335
WA,breaks3,2002,yes,335
WA,breaks4,2011,yes,335
WA,breaks5,2020,yes,335
WA,breaks1,1986,no,345
WA,breaks2,1995,no,345
WA,breaks3,2004,yes,345
WA,breaks4,2013,yes,345
WA,breaks5,2022,yes,345
WA,breaks1,1986,yes,348
WA,breaks2,1995,yes,348
WA,breaks3,2004,yes,348
WA,breaks4,2013,yes,348
WA,breaks5,2022,yes,348
WA,breaks1,1986,no,353
WA,breaks2,1995,yes,353
WA,breaks3,2004,yes,353
WA,breaks4,2013,yes,353
WA,breaks5,2022,no,353
WA,breaks1,1986,yes,359
WA,breaks2,1995,yes,359
WA,breaks3,2004,yes,359
WA,breaks4,2013,yes,359
WA,breaks5,2022,yes,359
WA,breaks1,1986,no,365
WA,breaks2,1995,no,365
WA,breaks3,2004,yes,365
WA,breaks4,2013,yes,365
WA,breaks5,2022,yes,365
WA,breaks1,1986,yes,367
WA,breaks2,1995,yes,367
WA,breaks3,2004,yes,367
WA,breaks4,2013,yes,367
WA,breaks5,2022,yes,367
WA,breaks1,1986,no,369
WA,breaks2,1995,no,369
WA,breaks3,2004,yes,369
WA,breaks4,2013,yes,369
WA,breaks5,2022,yes,369
WA,breaks1,1986,yes,373
WA,breaks2,1995,yes,373
WA,breaks3,2004,yes,373
WA,breaks4,2013,yes,373
WA,breaks5,2022,yes,373
WA,breaks1,1986,yes,374
WA,breaks2,1995,yes,374
WA,breaks3,2004,yes,374
WA,breaks4,2013,yes,374
WA,breaks5,2022,yes,374
WA,breaks1,1986,no,376
WA,breaks2,1995,no,376
WA,breaks3,2004,yes,376
WA,breaks4,2013,yes,376
WA,breaks5,2022,yes,376
WA,breaks1,1983,no,379
WA,breaks2,1992,no,379
WA,breaks3,2001,no,379
WA,breaks4,2010,no,379
WA,breaks5,2019,yes,379
WA,breaks1,1984,no,380
WA,breaks2,1993,yes,380
WA,breaks3,2002,yes,380
WA,breaks4,2011,yes,380
WA,breaks5,2020,yes,380
WA,breaks1,1986,yes,393
WA,breaks2,1995,yes,393
WA,breaks3,2004,yes,393
WA,breaks4,2013,yes,393
WA,breaks5,2022,yes,393
WA,breaks1,1986,no,401
WA,breaks2,1995,no,401
WA,breaks3,2004,yes,401
WA,breaks4,2013,no,401
WA,breaks5,2022,no,401
WA,breaks1,1986,yes,410
WA,breaks2,1995,yes,410
WA,breaks3,2004,yes,410
WA,breaks4,2013,yes,410
WA,breaks5,2022,yes,410
WA,breaks1,NA,no,430
WA,breaks2,NA,no,430
WA,breaks3,NA,no,430
WA,breaks4,NA,no,430
WA,breaks5,NA,no,430
WA,breaks1,1986,no,435
WA,breaks2,1995,no,435
WA,breaks3,2004,yes,435
WA,breaks4,2013,yes,435
WA,breaks5,2022,yes,435
WA,breaks1,1986,yes,438
WA,breaks2,1995,no,438
WA,breaks3,2004,no,438
WA,breaks4,2013,no,438
WA,breaks5,2022,no,438
WA,breaks1,1986,no,441
WA,breaks2,1995,yes,441
WA,breaks3,2004,yes,441
WA,breaks4,2013,yes,441
WA,breaks5,2022,yes,441
WA,breaks1,1986,yes,455
WA,breaks2,1995,yes,455
WA,breaks3,2004,yes,455
WA,breaks4,2013,yes,455
WA,breaks5,2022,yes,455
WA,breaks1,1986,yes,470
WA,breaks2,1995,yes,470
WA,breaks3,2004,yes,470
WA,breaks4,2013,yes,470
WA,breaks5,2022,yes,470